lga_code,year,population
10050,2001,45265
10180,2001,27906
10250,2001,37856
10300,2001,2751
10470,2001,35504
10500,2001,129075
10550,2001,30425
10600,2001,12634
10650,2001,8075
10750,2001,263103
10800,2001,6603
10850,2001,6478
10900,2001,76528
10950,2001,3156
11150,2001,3919
11200,2001,2148
11250,2001,20929
11300,2001,30393
11350,2001,29453
11400,2001,12447
11450,2001,45167
11500,2001,149188
11520,2001,61940
11570,2001,307592
11600,2001,3290
11650,2001,294596
11700,2001,2432
11720,2001,46823
11730,2001,48247
11750,2001,4990
11800,2001,62582
12000,2001,4090
12150,2001,4797
12160,2001,11397
12350,2001,12989
12380,2001,171200
12390,2001,47176
12700,2001,8338
12730,2001,10074
12750,2001,33639
12850,2001,187825
12870,2001,12121
12900,2001,10062
12930,2001,125777
12950,2001,4761
13010,2001,8818
13310,2001,26401
13340,2001,10455
13450,2001,24412
13550,2001,12306
13660,2001,5716
13800,2001,62412
13850,2001,3620
13910,2001,18014
14000,2001,132644
14100,2001,13296
14170,2001,166693
14220,2001,16784
14300,2001,5859
14350,2001,27164
14400,2001,19793
14500,2001,106965
14550,2001,9739
14600,2001,7651
14650,2001,186353
14700,2001,31880
14750,2001,11832
14850,2001,42721
14870,2001,20451
14900,2001,158027
14920,2001,7977
14950,2001,3550
15050,2001,56055
15240,2001,81291
15270,2001,22003
15300,2001,16108
15350,2001,27680
15520,2001,10997
15560,2001,4548
15650,2001,15099
15700,2001,18026
15750,2001,14422
15800,2001,6686
15850,2001,7060
15900,2001,141001
15950,2001,58337
15990,2001,229816
16100,2001,5257
16150,2001,36701
16200,2001,14927
16260,2001,170101
16350,2001,176277
16380,2001,64960
16400,2001,58509
16490,2001,44289
16550,2001,124456
16610,2001,21014
16700,2001,98516
16900,2001,59383
16950,2001,86856
17000,2001,21066
17040,2001,19440
17080,2001,15084
17100,2001,29253
17150,2001,212458
17200,2001,128901
17310,2001,53557
17350,2001,6288
17400,2001,6842
17420,2001,117301
17550,2001,73980
17620,2001,13430
17640,2001,7210
17650,2001,6052
17750,2001,56280
17850,2001,3282
17900,2001,8261
17950,2001,3293
18020,2001,10762
18050,2001,62853
18100,2001,3826
18200,2001,7156
18250,2001,61399
18350,2001,42384
18400,2001,38178
18450,2001,188275
18500,2001,52677
18710,2001,12002
19399,2001,1210
20110,2001,12709
20260,2001,11544
20570,2001,82333
20660,2001,117967
20740,2001,25243
20830,2001,35850
20910,2001,88262
21010,2001,13886
21110,2001,156246
21180,2001,167213
21270,2001,7220
21370,2001,36011
21450,2001,46720
21610,2001,180444
21670,2001,12888
21750,2001,20686
21830,2001,17293
21890,2001,127067
22110,2001,38843
22170,2001,113306
22250,2001,11873
22310,2001,122346
22410,2001,20083
22490,2001,14872
22620,2001,89071
22670,2001,127724
22750,2001,191534
22830,2001,57610
22910,2001,14268
22980,2001,6496
23110,2001,82854
23190,2001,18305
23270,2001,135147
23350,2001,14493
23430,2001,133063
23670,2001,146525
23810,2001,69573
23940,2001,8473
24130,2001,37325
24210,2001,113194
24250,2001,6718
24330,2001,60848
24410,2001,99662
24600,2001,55398
24650,2001,52504
24700,2001,135540
24780,2001,48865
24850,2001,27526
24900,2001,26404
24970,2001,162135
25060,2001,104793
25150,2001,24839
25340,2001,131574
25430,2001,16881
25490,2001,15525
25620,2001,13257
25710,2001,60444
25810,2001,12857
25900,2001,80054
25990,2001,6541
26080,2001,3226
26170,2001,25762
26260,2001,16873
26350,2001,89424
26430,2001,9558
26490,2001,20556
26610,2001,21025
26670,2001,6216
26700,2001,26260
26730,2001,29180
26810,2001,40835
26890,2001,4808
26980,2001,146178
27070,2001,117390
27170,2001,31964
27260,2001,86604
27350,2001,68522
27450,2001,141674
27630,2001,8184
29399,2001,451
30250,2001,1074
30300,2001,5473
30370,2001,15534
30410,2001,3483
30450,2001,454
30760,2001,2385
30900,2001,566
31000,2001,885787
31750,2001,450
31820,2001,77430
31900,2001,18158
31950,2001,490
32080,2001,115373
32250,2001,2246
32260,2001,29536
32270,2001,24581
32310,2001,12007
32330,2001,1186
32450,2001,3754
32500,2001,3636
32600,2001,282
32750,2001,320
32770,2001,1178
32810,2001,10264
33100,2001,997
33200,2001,2050
33220,2001,72781
33360,2001,45479
33430,2001,379679
33610,2001,10219
33620,2001,38062
33800,2001,12172
33830,2001,875
33960,2001,123934
33980,2001,18169
34420,2001,999
34530,2001,25863
34570,2001,638
34580,2001,28213
34590,2001,234351
34710,2001,4537
34770,2001,89337
34800,2001,1045
34830,2001,205
34860,2001,12368
34880,2001,18125
35010,2001,283062
35250,2001,991
35300,2001,20743
35600,2001,4936
35670,2001,785
35740,2001,43496
35760,2001,10450
35780,2001,2055
35790,2001,2269
35800,2001,2172
36070,2001,618
36150,2001,1086
36250,2001,115832
36300,2001,1128
36370,2001,70480
36510,2001,30030
36580,2001,17866
36630,2001,27651
36660,2001,31064
36720,2001,198931
36820,2001,21894
36910,2001,134955
36950,2001,3531
36960,2001,4244
37010,2001,142012
37300,2001,2131
37310,2001,28715
37340,2001,27396
37400,2001,1585
37550,2001,1014
37570,2001,366
37600,2001,2236
40070,2001,13211
40120,2001,38549
40150,2001,7354
40220,2001,18091
40250,2001,2661
40310,2001,19418
40430,2001,2585
40520,2001,11273
40700,2001,42403
40910,2001,46544
41010,2001,3625
41060,2001,102897
41140,2001,8347
41190,2001,1939
41330,2001,2414
41560,2001,10988
41750,2001,1150
41830,2001,1804
41960,2001,1250
42030,2001,18235
42110,2001,4254
42250,2001,7359
42600,2001,33490
42750,2001,4227
43080,2001,1276
43220,2001,1229
43360,2001,2339
43650,2001,10494
43710,2001,4200
43790,2001,12197
44000,2001,136
44060,2001,78590
44210,2001,8376
44340,2001,62010
44550,2001,23664
44620,2001,23750
44830,2001,2998
45040,2001,17023
45090,2001,8239
45120,2001,4765
45290,2001,33546
45340,2001,150119
45400,2001,1013
45540,2001,2014
45680,2001,68247
45890,2001,101371
46090,2001,13700
46300,2001,13842
46450,2001,17568
46510,2001,19106
46670,2001,9793
46860,2001,1379
46970,2001,3618
47140,2001,113849
47290,2001,2300
47490,2001,1981
47630,2001,7032
47700,2001,99121
47800,2001,5893
47910,2001,2580
47980,2001,36405
48050,2001,11062
48130,2001,6576
48260,2001,6995
48340,2001,12234
48410,2001,52056
48540,2001,22049
48640,2001,1449
48750,2001,3832
48830,2001,11466
49399,2001,5911
50080,2001,31362
50210,2001,52391
50250,2001,5969
50280,2001,10228
50350,2001,14055
50420,2001,58446
50490,2001,29919
50560,2001,1579
50630,2001,1437
50770,2001,1649
50840,2001,4205
50910,2001,1048
50980,2001,13249
51080,2001,1260
51120,2001,1132
51190,2001,30616
51260,2001,23192
51310,2001,24433
51330,2001,77474
51400,2001,7136
51470,2001,807
51540,2001,6751
51610,2001,880
51680,2001,2948
51710,2001,1442
51750,2001,9166
51820,2001,69359
51860,2001,600
51890,2001,9109
51960,2001,4284
52030,2001,1381
52100,2001,1302
52170,2001,7428
52240,2001,1072
52310,2001,725
52380,2001,396
52450,2001,1457
52520,2001,1889
52590,2001,2952
52660,2001,8991
52730,2001,4734
52800,2001,8501
52870,2001,4710
52940,2001,840
53010,2001,753
53080,2001,1262
53150,2001,6787
53220,2001,5650
53290,2001,13369
53360,2001,2315
53430,2001,25769
53570,2001,4274
53640,2001,1585
53710,2001,970
53780,2001,83662
53800,2001,34019
53920,2001,3766
53990,2001,18526
54060,2001,3071
54130,2001,1249
54170,2001,156410
54200,2001,48743
54280,2001,29771
54310,2001,15118
54340,2001,4501
54410,2001,1221
54480,2001,641
54550,2001,2308
54620,2001,1033
54690,2001,490
54760,2001,910
54830,2001,21807
54900,2001,1615
54970,2001,1207
55040,2001,2007
55110,2001,48996
55180,2001,10351
55250,2001,1458
55320,2001,97202
55390,2001,350
55460,2001,3783
55530,2001,586
55600,2001,2705
55670,2001,989
55740,2001,8358
55810,2001,854
55880,2001,676
55950,2001,705
56090,2001,35415
56160,2001,161
56230,2001,10899
56300,2001,1223
56370,2001,963
56460,2001,5541
56580,2001,21564
56620,2001,1562
56730,2001,10284
56790,2001,3347
56860,2001,276
56930,2001,1653
57000,2001,615
57080,2001,10510
57140,2001,1217
57210,2001,4707
57280,2001,12881
57350,2001,1140
57420,2001,1510
57490,2001,74185
57630,2001,134
57700,2001,11733
57770,2001,926
57840,2001,37606
57910,2001,176209
57980,2001,12948
58050,2001,83797
58190,2001,443
58260,2001,754
58330,2001,4084
58400,2001,394
58470,2001,356
58510,2001,27751
58540,2001,974
58570,2001,27071
58610,2001,1879
58680,2001,333
58760,2001,84323
58820,2001,3538
58890,2001,910
59030,2001,249
59100,2001,747
59170,2001,959
59250,2001,902
59310,2001,1599
59320,2001,396
59330,2001,678
59340,2001,7240
59350,2001,326
59360,2001,1832
59370,2001,3246
60210,2001,5839
60410,2001,12857
60610,2001,19077
60810,2001,21242
61010,2001,2339
61210,2001,8128
61410,2001,49370
61510,2001,9372
61610,2001,24502
61810,2001,7413
62010,2001,896
62210,2001,6557
62410,2001,4029
62610,2001,43805
62810,2001,47232
63010,2001,13987
63210,2001,5555
63410,2001,1741
63610,2001,29285
63810,2001,8324
64010,2001,62966
64210,2001,18248
64610,2001,12047
64810,2001,10955
65010,2001,5788
65210,2001,2282
65410,2001,13765
65610,2001,5572
65810,2001,20495
70200,2001,26849
70420,2001,7315
70540,2001,230
70620,2001,4678
70700,2001,1125
71000,2001,69635
71150,2001,0
71300,2001,8519
72200,2001,9706
72300,2001,15782
72330,2001,6675
72800,2001,22868
73600,2001,6327
74050,2001,2523
74550,2001,3452
74560,2001,248
74660,2001,6241
74680,2001,2543
79399,2001,7027
89399,2001,321538
99399,2001,542
10050,2002,45816
10180,2002,27774
10250,2002,38417
10300,2002,2703
10470,2002,35831
10500,2002,129377
10550,2002,30790
10600,2002,12673
10650,2002,8058
10750,2002,267048
10800,2002,6529
10850,2002,6545
10900,2002,76656
10950,2002,3105
11150,2002,3781
11200,2002,2121
11250,2002,20681
11300,2002,30682
11350,2002,29697
11400,2002,12478
11450,2002,47176
11500,2002,149096
11520,2002,63077
11570,2002,307011
11600,2002,3246
11650,2002,297530
11700,2002,2326
11720,2002,47024
11730,2002,48415
11750,2002,4984
11800,2002,63553
12000,2002,4078
12150,2002,4690
12160,2002,11357
12350,2002,12922
12380,2002,171580
12390,2002,47162
12700,2002,8321
12730,2002,9958
12750,2002,34239
12850,2002,187089
12870,2002,12141
12900,2002,9995
12930,2002,126520
12950,2002,4730
13010,2002,8848
13310,2002,26526
13340,2002,10331
13450,2002,24377
13550,2002,12193
13660,2002,5652
13800,2002,62515
13850,2002,3616
13910,2002,18022
14000,2002,134068
14100,2002,13412
14170,2002,166368
14220,2002,16867
14300,2002,5869
14350,2002,27327
14400,2002,19841
14500,2002,106778
14550,2002,9686
14600,2002,7529
14650,2002,187385
14700,2002,31749
14750,2002,11807
14850,2002,42749
14870,2002,20442
14900,2002,161908
14920,2002,7940
14950,2002,3470
15050,2002,57642
15240,2002,82081
15270,2002,22002
15300,2002,15834
15350,2002,27644
15520,2002,10994
15560,2002,4485
15650,2002,15339
15700,2002,18005
15750,2002,14244
15800,2002,6580
15850,2002,6980
15900,2002,142220
15950,2002,58816
15990,2002,230170
16100,2002,5269
16150,2002,36728
16200,2002,14901
16260,2002,171245
16350,2002,176829
16380,2002,66573
16400,2002,59506
16490,2002,45669
16550,2002,124390
16610,2002,21213
16700,2002,98711
16900,2002,60054
16950,2002,88055
17000,2002,21356
17040,2002,19571
17080,2002,15018
17100,2002,29578
17150,2002,212978
17200,2002,136368
17310,2002,53831
17350,2002,6221
17400,2002,6808
17420,2002,122269
17550,2002,75711
17620,2002,13415
17640,2002,7203
17650,2002,6002
17750,2002,56718
17850,2002,3270
17900,2002,8049
17950,2002,3201
18020,2002,10620
18050,2002,62832
18100,2002,3798
18200,2002,7078
18250,2002,62785
18350,2002,42980
18400,2002,38513
18450,2002,189851
18500,2002,52792
18710,2002,12366
19399,2002,1189
20110,2002,12655
20260,2002,11566
20570,2002,83168
20660,2002,117559
20740,2002,25809
20830,2002,35990
20910,2002,88717
21010,2002,13897
21110,2002,156886
21180,2002,168499
21270,2002,7171
21370,2002,36247
21450,2002,47840
21610,2002,188914
21670,2002,12835
21750,2002,20689
21830,2002,17232
21890,2002,127359
22110,2002,39112
22170,2002,114262
22250,2002,11783
22310,2002,123197
22410,2002,20065
22490,2002,15119
22620,2002,90176
22670,2002,127336
22750,2002,194713
22830,2002,57996
22910,2002,14192
22980,2002,6452
23110,2002,83124
23190,2002,18326
23270,2002,137854
23350,2002,14603
23430,2002,134216
23670,2002,147952
23810,2002,69575
23940,2002,8390
24130,2002,37605
24210,2002,113422
24250,2002,6757
24330,2002,61557
24410,2002,99999
24600,2002,60415
24650,2002,57724
24700,2002,136156
24780,2002,49405
24850,2002,28179
24900,2002,26437
24970,2002,162430
25060,2002,104856
25150,2002,24943
25340,2002,133997
25430,2002,16968
25490,2002,15578
25620,2002,13349
25710,2002,60501
25810,2002,12793
25900,2002,82220
25990,2002,6546
26080,2002,3196
26170,2002,25786
26260,2002,16862
26350,2002,90370
26430,2002,9538
26490,2002,21001
26610,2002,21065
26670,2002,6196
26700,2002,26341
26730,2002,29658
26810,2002,40671
26890,2002,4749
26980,2002,146110
27070,2002,119629
27170,2002,32481
27260,2002,90333
27350,2002,69415
27450,2002,142449
27630,2002,8095
29399,2002,516
30250,2002,1109
30300,2002,5336
30370,2002,15328
30410,2002,3482
30450,2002,437
30760,2002,2327
30900,2002,534
31000,2002,908289
31750,2002,445
31820,2002,78571
31900,2002,18038
31950,2002,496
32080,2002,117266
32250,2002,2253
32260,2002,29447
32270,2002,25054
32310,2002,11962
32330,2002,1191
32450,2002,3664
32500,2002,3650
32600,2002,277
32750,2002,313
32770,2002,1166
32810,2002,10442
33100,2002,972
33200,2002,2016
33220,2002,74299
33360,2002,46592
33430,2002,394631
33610,2002,10297
33620,2002,38549
33800,2002,12046
33830,2002,867
33960,2002,126116
33980,2002,18590
34420,2002,1012
34530,2002,26488
34570,2002,623
34580,2002,28813
34590,2002,239515
34710,2002,4545
34770,2002,91554
34800,2002,1033
34830,2002,213
34860,2002,12383
34880,2002,18236
35010,2002,291543
35250,2002,999
35300,2002,20276
35600,2002,4892
35670,2002,799
35740,2002,44893
35760,2002,10408
35780,2002,2058
35790,2002,2249
35800,2002,2127
36070,2002,622
36150,2002,1064
36250,2002,118870
36300,2002,1090
36370,2002,70909
36510,2002,30715
36580,2002,18117
36630,2002,27942
36660,2002,31361
36720,2002,205772
36820,2002,22201
36910,2002,136619
36950,2002,3560
36960,2002,4314
37010,2002,145115
37300,2002,2241
37310,2002,28711
37340,2002,27996
37400,2002,1567
37550,2002,987
37570,2002,361
37600,2002,2278
40070,2002,13857
40120,2002,38681
40150,2002,7509
40220,2002,18689
40250,2002,2599
40310,2002,19619
40430,2002,2600
40520,2002,11244
40700,2002,42609
40910,2002,46661
41010,2002,3643
41060,2002,102884
41140,2002,8378
41190,2002,1958
41330,2002,2298
41560,2002,11054
41750,2002,1161
41830,2002,1791
41960,2002,1249
42030,2002,18459
42110,2002,4278
42250,2002,7436
42600,2002,33447
42750,2002,4312
43080,2002,1258
43220,2002,1209
43360,2002,2349
43650,2002,10936
43710,2002,4269
43790,2002,12171
44000,2002,132
44060,2002,78960
44210,2002,8357
44340,2002,62304
44550,2002,24425
44620,2002,23863
44830,2002,2956
45040,2002,17239
45090,2002,8311
45120,2002,4761
45290,2002,33915
45340,2002,150642
45400,2002,1010
45540,2002,2009
45680,2002,68767
45890,2002,102167
46090,2002,13701
46300,2002,13896
46450,2002,17608
46510,2002,19304
46670,2002,9832
46860,2002,1385
46970,2002,3801
47140,2002,114841
47290,2002,2262
47490,2002,1997
47630,2002,7067
47700,2002,99116
47800,2002,5915
47910,2002,2586
47980,2002,36491
48050,2002,11374
48130,2002,6586
48260,2002,7023
48340,2002,12287
48410,2002,52338
48540,2002,22009
48640,2002,1438
48750,2002,3914
48830,2002,11492
49399,2002,4878
50080,2002,31713
50210,2002,52204
50250,2002,6138
50280,2002,10346
50350,2002,14165
50420,2002,58432
50490,2002,30273
50560,2002,1586
50630,2002,1408
50770,2002,1654
50840,2002,4262
50910,2002,1034
50980,2002,13606
51080,2002,1245
51120,2002,1100
51190,2002,30483
51260,2002,23843
51310,2002,24534
51330,2002,78496
51400,2002,7562
51470,2002,791
51540,2002,6689
51610,2002,874
51680,2002,3060
51710,2002,1365
51750,2002,9220
51820,2002,70968
51860,2002,568
51890,2002,9173
51960,2002,4240
52030,2002,1378
52100,2002,1292
52170,2002,7487
52240,2002,1084
52310,2002,727
52380,2002,396
52450,2002,1426
52520,2002,1814
52590,2002,2946
52660,2002,9220
52730,2002,4790
52800,2002,8422
52870,2002,4691
52940,2002,806
53010,2002,738
53080,2002,1240
53150,2002,6907
53220,2002,5909
53290,2002,13443
53360,2002,2277
53430,2002,26099
53570,2002,4381
53640,2002,1554
53710,2002,967
53780,2002,85337
53800,2002,34288
53920,2002,3796
53990,2002,18450
54060,2002,2976
54130,2002,1247
54170,2002,156820
54200,2002,49063
54280,2002,29737
54310,2002,15987
54340,2002,4492
54410,2002,1211
54480,2002,618
54550,2002,2291
54620,2002,1030
54690,2002,488
54760,2002,906
54830,2002,22045
54900,2002,1597
54970,2002,1117
55040,2002,1914
55110,2002,49601
55180,2002,10237
55250,2002,1413
55320,2002,97184
55390,2002,336
55460,2002,3715
55530,2002,585
55600,2002,2697
55670,2002,971
55740,2002,8476
55810,2002,845
55880,2002,669
55950,2002,697
56090,2002,35660
56160,2002,157
56230,2002,11211
56300,2002,1235
56370,2002,964
56460,2002,5544
56580,2002,21630
56620,2002,1533
56730,2002,10302
56790,2002,3358
56860,2002,273
56930,2002,1651
57000,2002,593
57080,2002,11245
57140,2002,1214
57210,2002,4658
57280,2002,13201
57350,2002,1137
57420,2002,1543
57490,2002,75802
57630,2002,134
57700,2002,11931
57770,2002,925
57840,2002,38357
57910,2002,177345
57980,2002,13137
58050,2002,86092
58190,2002,439
58260,2002,741
58330,2002,4142
58400,2002,395
58470,2002,356
58510,2002,27970
58540,2002,973
58570,2002,27450
58610,2002,1895
58680,2002,350
58760,2002,88442
58820,2002,3506
58890,2002,911
59030,2002,241
59100,2002,749
59170,2002,955
59250,2002,876
59310,2002,1563
59320,2002,400
59330,2002,680
59340,2002,7406
59350,2002,316
59360,2002,1778
59370,2002,3217
60210,2002,5884
60410,2002,12947
60610,2002,19090
60810,2002,21119
61010,2002,2330
61210,2002,8105
61410,2002,49289
61510,2002,9346
61610,2002,24347
61810,2002,7367
62010,2002,889
62210,2002,6603
62410,2002,4027
62610,2002,43729
62810,2002,47409
63010,2002,14051
63210,2002,5560
63410,2002,1730
63610,2002,29433
63810,2002,8391
64010,2002,63113
64210,2002,18348
64610,2002,12109
64810,2002,11031
65010,2002,5809
65210,2002,2282
65410,2002,13726
65610,2002,5459
65810,2002,20629
70200,2002,26775
70420,2002,7346
70540,2002,223
70620,2002,4641
70700,2002,1140
71000,2002,69286
71150,2002,0
71300,2002,8640
72200,2002,9648
72300,2002,15900
72330,2002,6756
72800,2002,23497
73600,2002,6334
74050,2002,2490
74550,2002,3430
74560,2002,263
74660,2002,6198
74680,2002,2612
79399,2002,7072
89399,2002,324627
99399,2002,464
10050,2003,46180
10180,2003,27610
10250,2003,38870
10300,2003,2661
10470,2003,36084
10500,2003,130598
10550,2003,31056
10600,2003,12705
10650,2003,8035
10750,2003,268806
10800,2003,6453
10850,2003,6562
10900,2003,76651
10950,2003,3052
11150,2003,3642
11200,2003,2078
11250,2003,20403
11300,2003,30980
11350,2003,29952
11400,2003,12482
11450,2003,48445
11500,2003,148739
11520,2003,64060
11570,2003,306316
11600,2003,3143
11650,2003,299319
11700,2003,2218
11720,2003,47181
11730,2003,48509
11750,2003,4949
11800,2003,64574
12000,2003,4072
12150,2003,4578
12160,2003,11292
12350,2003,12849
12380,2003,172359
12390,2003,47060
12700,2003,8312
12730,2003,9798
12750,2003,34855
12850,2003,186489
12870,2003,12184
12900,2003,9907
12930,2003,127183
12950,2003,4706
13010,2003,8870
13310,2003,26576
13340,2003,10189
13450,2003,24277
13550,2003,12036
13660,2003,5573
13800,2003,62530
13850,2003,3582
13910,2003,18031
14000,2003,134991
14100,2003,13512
14170,2003,166127
14220,2003,16852
14300,2003,5861
14350,2003,27466
14400,2003,19836
14500,2003,106559
14550,2003,9590
14600,2003,7366
14650,2003,188171
14700,2003,31695
14750,2003,11755
14850,2003,42681
14870,2003,20418
14900,2003,163835
14920,2003,7859
14950,2003,3404
15050,2003,59167
15240,2003,83014
15270,2003,21862
15300,2003,15457
15350,2003,27680
15520,2003,10966
15560,2003,4402
15650,2003,15402
15700,2003,17849
15750,2003,14050
15800,2003,6433
15850,2003,6863
15900,2003,143613
15950,2003,59583
15990,2003,230208
16100,2003,5243
16150,2003,36721
16200,2003,14807
16260,2003,172927
16350,2003,176610
16380,2003,67960
16400,2003,60410
16490,2003,47142
16550,2003,124252
16610,2003,21213
16700,2003,98929
16900,2003,60815
16950,2003,88861
17000,2003,21671
17040,2003,19710
17080,2003,15052
17100,2003,30256
17150,2003,212719
17200,2003,145079
17310,2003,54016
17350,2003,6123
17400,2003,6709
17420,2003,126698
17550,2003,77868
17620,2003,13335
17640,2003,7195
17650,2003,5912
17750,2003,56897
17850,2003,3257
17900,2003,7800
17950,2003,3111
18020,2003,10446
18050,2003,62778
18100,2003,3768
18200,2003,7009
18250,2003,63389
18350,2003,43257
18400,2003,39215
18450,2003,190475
18500,2003,52998
18710,2003,12772
19399,2003,1162
20110,2003,12581
20260,2003,11536
20570,2003,84190
20660,2003,117313
20740,2003,26224
20830,2003,36283
20910,2003,89088
21010,2003,13878
21110,2003,157298
21180,2003,169424
21270,2003,7102
21370,2003,36457
21450,2003,50038
21610,2003,198652
21670,2003,12732
21750,2003,20697
21830,2003,17027
21890,2003,127711
22110,2003,39329
22170,2003,115483
22250,2003,11661
22310,2003,123816
22410,2003,20039
22490,2003,15477
22620,2003,91513
22670,2003,127060
22750,2003,196973
22830,2003,58379
22910,2003,14114
22980,2003,6361
23110,2003,83107
23190,2003,18340
23270,2003,140995
23350,2003,14710
23430,2003,135191
23670,2003,149038
23810,2003,69633
23940,2003,8284
24130,2003,37942
24210,2003,113434
24250,2003,6807
24330,2003,62516
24410,2003,100177
24600,2003,65954
24650,2003,63837
24700,2003,136630
24780,2003,49534
24850,2003,29158
24900,2003,26583
24970,2003,162824
25060,2003,104629
25150,2003,25197
25340,2003,135620
25430,2003,17153
25490,2003,15605
25620,2003,13395
25710,2003,60452
25810,2003,12616
25900,2003,84170
25990,2003,6551
26080,2003,3158
26170,2003,25910
26260,2003,16880
26350,2003,91034
26430,2003,9564
26490,2003,21292
26610,2003,21064
26670,2003,6148
26700,2003,26378
26730,2003,29998
26810,2003,40533
26890,2003,4707
26980,2003,146036
27070,2003,122215
27170,2003,32995
27260,2003,95776
27350,2003,70115
27450,2003,142928
27630,2003,7982
29399,2003,578
30250,2003,1100
30300,2003,5174
30370,2003,15136
30410,2003,3388
30450,2003,408
30760,2003,2218
30900,2003,502
31000,2003,930535
31750,2003,429
31820,2003,79559
31900,2003,17846
31950,2003,501
32080,2003,120286
32250,2003,2242
32260,2003,29438
32270,2003,25540
32310,2003,11939
32330,2003,1197
32450,2003,3552
32500,2003,3611
32600,2003,274
32750,2003,301
32770,2003,1154
32810,2003,10522
33100,2003,941
33200,2003,2017
33220,2003,77048
33360,2003,47860
33430,2003,410545
33610,2003,10326
33620,2003,39389
33800,2003,12004
33830,2003,850
33960,2003,128646
33980,2003,19050
34420,2003,1016
34530,2003,27280
34570,2003,607
34580,2003,29078
34590,2003,244076
34710,2003,4447
34770,2003,93642
34800,2003,993
34830,2003,224
34860,2003,12436
34880,2003,18307
35010,2003,302027
35250,2003,1046
35300,2003,19997
35600,2003,4848
35670,2003,819
35740,2003,46063
35760,2003,10415
35780,2003,2069
35790,2003,2202
35800,2003,2106
36070,2003,622
36150,2003,1045
36250,2003,122994
36300,2003,1062
36370,2003,71499
36510,2003,31930
36580,2003,18361
36630,2003,28251
36660,2003,31593
36720,2003,214931
36820,2003,22502
36910,2003,138528
36950,2003,3544
36960,2003,4387
37010,2003,147964
37300,2003,2367
37310,2003,28636
37340,2003,28491
37400,2003,1543
37550,2003,966
37570,2003,356
37600,2003,2323
40070,2003,14533
40120,2003,38829
40150,2003,7710
40220,2003,19297
40250,2003,2543
40310,2003,19920
40430,2003,2596
40520,2003,11226
40700,2003,42730
40910,2003,46801
41010,2003,3665
41060,2003,102776
41140,2003,8335
41190,2003,1968
41330,2003,2220
41560,2003,11144
41750,2003,1170
41830,2003,1785
41960,2003,1248
42030,2003,18593
42110,2003,4261
42250,2003,7512
42600,2003,33653
42750,2003,4303
43080,2003,1233
43220,2003,1200
43360,2003,2354
43650,2003,11491
43710,2003,4281
43790,2003,12153
44000,2003,129
44060,2003,79250
44210,2003,8337
44340,2003,62801
44550,2003,25140
44620,2003,24096
44830,2003,2937
45040,2003,17427
45090,2003,8314
45120,2003,4770
45290,2003,34125
45340,2003,150926
45400,2003,1009
45540,2003,2010
45680,2003,69311
45890,2003,103051
46090,2003,13998
46300,2003,13992
46450,2003,17536
46510,2003,19472
46670,2003,9674
46860,2003,1386
46970,2003,3930
47140,2003,116172
47290,2003,2229
47490,2003,2002
47630,2003,7115
47700,2003,99126
47800,2003,5880
47910,2003,2592
47980,2003,36668
48050,2003,11664
48130,2003,6552
48260,2003,7061
48340,2003,12242
48410,2003,52564
48540,2003,21970
48640,2003,1417
48750,2003,3959
48830,2003,11519
49399,2003,4516
50080,2003,32020
50210,2003,52049
50250,2003,6467
50280,2003,10639
50350,2003,14030
50420,2003,58494
50490,2003,30358
50560,2003,1618
50630,2003,1373
50770,2003,1622
50840,2003,4175
50910,2003,1040
50980,2003,13837
51080,2003,1237
51120,2003,1097
51190,2003,30382
51260,2003,24265
51310,2003,24594
51330,2003,79186
51400,2003,8005
51470,2003,797
51540,2003,6571
51610,2003,891
51680,2003,3138
51710,2003,1337
51750,2003,9247
51820,2003,72207
51860,2003,558
51890,2003,9206
51960,2003,4221
52030,2003,1389
52100,2003,1264
52170,2003,7523
52240,2003,1102
52310,2003,754
52380,2003,376
52450,2003,1406
52520,2003,1705
52590,2003,2949
52660,2003,9415
52730,2003,4837
52800,2003,7801
52870,2003,4660
52940,2003,771
53010,2003,716
53080,2003,1223
53150,2003,6971
53220,2003,6171
53290,2003,13569
53360,2003,2282
53430,2003,26100
53570,2003,4461
53640,2003,1523
53710,2003,965
53780,2003,87585
53800,2003,34348
53920,2003,3793
53990,2003,18351
54060,2003,2943
54130,2003,1237
54170,2003,157067
54200,2003,49419
54280,2003,30052
54310,2003,16998
54340,2003,4460
54410,2003,1212
54480,2003,629
54550,2003,2300
54620,2003,1023
54690,2003,491
54760,2003,910
54830,2003,22403
54900,2003,1582
54970,2003,1033
55040,2003,1855
55110,2003,51860
55180,2003,10074
55250,2003,1374
55320,2003,97002
55390,2003,309
55460,2003,3656
55530,2003,583
55600,2003,2683
55670,2003,957
55740,2003,8590
55810,2003,831
55880,2003,670
55950,2003,689
56090,2003,35820
56160,2003,150
56230,2003,11611
56300,2003,1237
56370,2003,977
56460,2003,5550
56580,2003,21634
56620,2003,1506
56730,2003,10267
56790,2003,3355
56860,2003,269
56930,2003,1656
57000,2003,584
57080,2003,11729
57140,2003,1215
57210,2003,4622
57280,2003,13555
57350,2003,1130
57420,2003,1562
57490,2003,77718
57630,2003,132
57700,2003,12200
57770,2003,921
57840,2003,38944
57910,2003,178865
57980,2003,13431
58050,2003,88350
58190,2003,439
58260,2003,740
58330,2003,4147
58400,2003,403
58470,2003,348
58510,2003,28216
58540,2003,979
58570,2003,28026
58610,2003,1921
58680,2003,367
58760,2003,93822
58820,2003,3483
58890,2003,910
59030,2003,237
59100,2003,753
59170,2003,953
59250,2003,851
59310,2003,1547
59320,2003,400
59330,2003,659
59340,2003,7595
59350,2003,306
59360,2003,1754
59370,2003,3227
60210,2003,5978
60410,2003,13141
60610,2003,19305
60810,2003,21213
61010,2003,2372
61210,2003,8219
61410,2003,49509
61510,2003,9400
61610,2003,24653
61810,2003,7327
62010,2003,887
62210,2003,6713
62410,2003,4105
62610,2003,44038
62810,2003,48036
63010,2003,14071
63210,2003,5641
63410,2003,1741
63610,2003,30050
63810,2003,8516
64010,2003,63695
64210,2003,18558
64610,2003,12209
64810,2003,11181
65010,2003,5834
65210,2003,2238
65410,2003,13693
65610,2003,5342
65810,2003,20869
70200,2003,26665
70420,2003,7321
70540,2003,215
70620,2003,4573
70700,2003,1157
71000,2003,68968
71150,2003,0
71300,2003,8699
72200,2003,9570
72300,2003,15821
72330,2003,6741
72800,2003,23645
73600,2003,6301
74050,2003,2452
74550,2003,3427
74560,2003,277
74660,2003,6161
74680,2003,2674
79399,2003,7058
89399,2003,327357
99399,2003,441
10050,2004,46505
10180,2004,27410
10250,2004,39120
10300,2004,2596
10470,2004,36245
10500,2004,131144
10550,2004,31406
10600,2004,12672
10650,2004,8014
10750,2004,271434
10800,2004,6360
10850,2004,6598
10900,2004,76436
10950,2004,3027
11150,2004,3494
11200,2004,2039
11250,2004,20111
11300,2004,31370
11350,2004,30141
11400,2004,12506
11450,2004,48929
11500,2004,147583
11520,2004,65350
11570,2004,305670
11600,2004,3054
11650,2004,299999
11700,2004,2163
11720,2004,47266
11730,2004,48631
11750,2004,4913
11800,2004,65448
12000,2004,4066
12150,2004,4476
12160,2004,11248
12350,2004,12804
12380,2004,174036
12390,2004,47025
12700,2004,8233
12730,2004,9603
12750,2004,35326
12850,2004,185562
12870,2004,12237
12900,2004,9744
12930,2004,128176
12950,2004,4660
13010,2004,8876
13310,2004,26559
13340,2004,10126
13450,2004,24235
13550,2004,11892
13660,2004,5492
13800,2004,62032
13850,2004,3538
13910,2004,18060
14000,2004,135567
14100,2004,13631
14170,2004,165989
14220,2004,16822
14300,2004,5854
14350,2004,27608
14400,2004,19784
14500,2004,105839
14550,2004,9525
14600,2004,7214
14650,2004,188415
14700,2004,31599
14750,2004,11681
14850,2004,42764
14870,2004,20357
14900,2004,165627
14920,2004,7797
14950,2004,3330
15050,2004,60440
15240,2004,83730
15270,2004,21706
15300,2004,15028
15350,2004,27737
15520,2004,10929
15560,2004,4328
15650,2004,15402
15700,2004,18136
15750,2004,13784
15800,2004,6307
15850,2004,6777
15900,2004,144834
15950,2004,60271
15990,2004,230438
16100,2004,5209
16150,2004,36501
16200,2004,14690
16260,2004,175370
16350,2004,175589
16380,2004,68987
16400,2004,61256
16490,2004,47783
16550,2004,124088
16610,2004,21167
16700,2004,99089
16900,2004,61382
16950,2004,89374
17000,2004,21886
17040,2004,19762
17080,2004,14793
17100,2004,31242
17150,2004,211907
17200,2004,152892
17310,2004,54111
17350,2004,6039
17400,2004,6650
17420,2004,130134
17550,2004,79555
17620,2004,13235
17640,2004,7192
17650,2004,5885
17750,2004,57211
17850,2004,3244
17900,2004,7517
17950,2004,3008
18020,2004,10258
18050,2004,62988
18100,2004,3756
18200,2004,6946
18250,2004,64414
18350,2004,43348
18400,2004,39830
18450,2004,190641
18500,2004,52723
18710,2004,13058
19399,2004,1135
20110,2004,12432
20260,2004,11510
20570,2004,84775
20660,2004,116661
20740,2004,26476
20830,2004,36643
20910,2004,89394
21010,2004,13846
21110,2004,157885
21180,2004,170953
21270,2004,7026
21370,2004,36549
21450,2004,52864
21610,2004,206646
21670,2004,12566
21750,2004,20689
21830,2004,16962
21890,2004,128735
22110,2004,39776
22170,2004,117124
22250,2004,11540
22310,2004,125037
22410,2004,20033
22490,2004,15931
22620,2004,92535
22670,2004,127293
22750,2004,198541
22830,2004,58338
22910,2004,14097
22980,2004,6274
23110,2004,82668
23190,2004,18413
23270,2004,144546
23350,2004,14810
23430,2004,136121
23670,2004,149068
23810,2004,69754
23940,2004,8125
24130,2004,38509
24210,2004,113308
24250,2004,6939
24330,2004,63168
24410,2004,100476
24600,2004,71425
24650,2004,69145
24700,2004,137642
24780,2004,49677
24850,2004,29862
24900,2004,26684
24970,2004,163495
25060,2004,104632
25150,2004,25378
25340,2004,136674
25430,2004,17180
25490,2004,15597
25620,2004,13381
25710,2004,60682
25810,2004,12460
25900,2004,86017
25990,2004,6561
26080,2004,3119
26170,2004,25957
26260,2004,16854
26350,2004,92061
26430,2004,9489
26490,2004,21518
26610,2004,21009
26670,2004,6138
26700,2004,26464
26730,2004,30266
26810,2004,40481
26890,2004,4636
26980,2004,146453
27070,2004,123736
27170,2004,33528
27260,2004,101789
27350,2004,70811
27450,2004,142827
27630,2004,7847
29399,2004,638
30250,2004,1110
30300,2004,5000
30370,2004,14959
30410,2004,3350
30450,2004,404
30760,2004,2164
30900,2004,477
31000,2004,949935
31750,2004,417
31820,2004,80991
31900,2004,17636
31950,2004,492
32080,2004,123392
32250,2004,2191
32260,2004,29337
32270,2004,26141
32310,2004,11872
32330,2004,1192
32450,2004,3424
32500,2004,3696
32600,2004,266
32750,2004,295
32770,2004,1142
32810,2004,10453
33100,2004,897
33200,2004,1946
33220,2004,80111
33360,2004,49517
33430,2004,424005
33610,2004,10306
33620,2004,40469
33800,2004,11851
33830,2004,831
33960,2004,132119
33980,2004,19231
34420,2004,1030
34530,2004,28159
34570,2004,591
34580,2004,29485
34590,2004,249161
34710,2004,4379
34770,2004,96285
34800,2004,973
34830,2004,232
34860,2004,12461
34880,2004,18353
35010,2004,312887
35250,2004,1054
35300,2004,19908
35600,2004,4803
35670,2004,836
35740,2004,47183
35760,2004,10445
35780,2004,2074
35790,2004,2155
35800,2004,2075
36070,2004,623
36150,2004,1025
36250,2004,126010
36300,2004,1007
36370,2004,72420
36510,2004,32749
36580,2004,18609
36630,2004,28630
36660,2004,31729
36720,2004,223143
36820,2004,22699
36910,2004,140827
36950,2004,3512
36960,2004,4400
37010,2004,151172
37300,2004,2507
37310,2004,28655
37340,2004,28977
37400,2004,1473
37550,2004,943
37570,2004,347
37600,2004,2365
40070,2004,15613
40120,2004,38890
40150,2004,7816
40220,2004,20019
40250,2004,2469
40310,2004,20370
40430,2004,2596
40520,2004,11197
40700,2004,42998
40910,2004,46883
41010,2004,3676
41060,2004,102751
41140,2004,8320
41190,2004,1976
41330,2004,2150
41560,2004,11266
41750,2004,1175
41830,2004,1776
41960,2004,1243
42030,2004,18746
42110,2004,4267
42250,2004,7546
42600,2004,33730
42750,2004,4355
43080,2004,1216
43220,2004,1183
43360,2004,2343
43650,2004,11922
43710,2004,4345
43790,2004,12081
44000,2004,123
44060,2004,79611
44210,2004,8307
44340,2004,62966
44550,2004,25913
44620,2004,24211
44830,2004,2900
45040,2004,17649
45090,2004,8300
45120,2004,4751
45290,2004,34389
45340,2004,151155
45400,2004,994
45540,2004,1994
45680,2004,69752
45890,2004,103526
46090,2004,14059
46300,2004,13993
46450,2004,17515
46510,2004,19594
46670,2004,9635
46860,2004,1376
46970,2004,3969
47140,2004,117595
47290,2004,2210
47490,2004,2015
47630,2004,7100
47700,2004,98713
47800,2004,5877
47910,2004,2595
47980,2004,36658
48050,2004,11953
48130,2004,6536
48260,2004,7101
48340,2004,12220
48410,2004,52829
48540,2004,21947
48640,2004,1391
48750,2004,4048
48830,2004,11498
49399,2004,4303
50080,2004,32237
50210,2004,52041
50250,2004,6925
50280,2004,10791
50350,2004,13996
50420,2004,58505
50490,2004,30749
50560,2004,1625
50630,2004,1382
50770,2004,1578
50840,2004,4073
50910,2004,1028
50980,2004,14045
51080,2004,1222
51120,2004,1055
51190,2004,30611
51260,2004,24581
51310,2004,24480
51330,2004,79843
51400,2004,8902
51470,2004,790
51540,2004,6304
51610,2004,914
51680,2004,3328
51710,2004,1355
51750,2004,9267
51820,2004,73929
51860,2004,573
51890,2004,9107
51960,2004,4052
52030,2004,1366
52100,2004,1217
52170,2004,7595
52240,2004,1115
52310,2004,769
52380,2004,373
52450,2004,1344
52520,2004,1588
52590,2004,2967
52660,2004,9640
52730,2004,4796
52800,2004,7821
52870,2004,4680
52940,2004,760
53010,2004,702
53080,2004,1182
53150,2004,6984
53220,2004,6563
53290,2004,13669
53360,2004,2266
53430,2004,26101
53570,2004,4504
53640,2004,1478
53710,2004,967
53780,2004,90120
53800,2004,34454
53920,2004,3748
53990,2004,18754
54060,2004,2957
54130,2004,1231
54170,2004,157218
54200,2004,49909
54280,2004,29939
54310,2004,17912
54340,2004,4412
54410,2004,1206
54480,2004,626
54550,2004,2288
54620,2004,1013
54690,2004,488
54760,2004,906
54830,2004,22593
54900,2004,1563
54970,2004,953
55040,2004,1722
55110,2004,54581
55180,2004,9953
55250,2004,1354
55320,2004,96776
55390,2004,282
55460,2004,3496
55530,2004,558
55600,2004,2626
55670,2004,924
55740,2004,8675
55810,2004,775
55880,2004,672
55950,2004,664
56090,2004,35900
56160,2004,140
56230,2004,11904
56300,2004,1247
56370,2004,960
56460,2004,5403
56580,2004,21557
56620,2004,1493
56730,2004,10157
56790,2004,3369
56860,2004,266
56930,2004,1672
57000,2004,583
57080,2004,12730
57140,2004,1208
57210,2004,4605
57280,2004,13692
57350,2004,1084
57420,2004,1589
57490,2004,80168
57630,2004,133
57700,2004,12438
57770,2004,923
57840,2004,39481
57910,2004,180470
57980,2004,13927
58050,2004,90385
58190,2004,426
58260,2004,735
58330,2004,4198
58400,2004,410
58470,2004,339
58510,2004,28446
58540,2004,971
58570,2004,28290
58610,2004,1916
58680,2004,365
58760,2004,100185
58820,2004,3521
58890,2004,891
59030,2004,236
59100,2004,752
59170,2004,932
59250,2004,812
59310,2004,1511
59320,2004,404
59330,2004,652
59340,2004,7716
59350,2004,293
59360,2004,1683
59370,2004,3219
60210,2004,6084
60410,2004,13556
60610,2004,19485
60810,2004,21275
61010,2004,2321
61210,2004,8254
61410,2004,49766
61510,2004,9421
61610,2004,24940
61810,2004,7292
62010,2004,891
62210,2004,6760
62410,2004,4217
62610,2004,44119
62810,2004,48535
63010,2004,14272
63210,2004,5743
63410,2004,1720
63610,2004,30571
63810,2004,8677
64010,2004,64264
64210,2004,18803
64610,2004,12324
64810,2004,11408
65010,2004,5867
65210,2004,2273
65410,2004,13794
65610,2004,5292
65810,2004,21254
70200,2004,26583
70420,2004,7333
70540,2004,209
70620,2004,4529
70700,2004,1177
71000,2004,69339
71150,2004,0
71300,2004,8834
72200,2004,9542
72300,2004,15895
72330,2004,6742
72800,2004,23978
73600,2004,6304
74050,2004,2425
74550,2004,3417
74560,2004,294
74660,2004,6182
74680,2004,2752
79399,2004,7128
89399,2004,328940
99399,2004,428
10050,2005,47004
10180,2005,27350
10250,2005,39305
10300,2005,2545
10470,2005,36547
10500,2005,132112
10550,2005,31608
10600,2005,12682
10650,2005,8076
10750,2005,275206
10800,2005,6263
10850,2005,6649
10900,2005,75971
10950,2005,2964
11150,2005,3349
11200,2005,2029
11250,2005,19915
11300,2005,31696
11350,2005,30130
11400,2005,12543
11450,2005,49994
11500,2005,147216
11520,2005,66951
11570,2005,307118
11600,2005,2947
11650,2005,301403
11700,2005,2096
11720,2005,47305
11730,2005,48853
11750,2005,4913
11800,2005,65957
12000,2005,4072
12150,2005,4394
12160,2005,11256
12350,2005,12774
12380,2005,177098
12390,2005,47038
12700,2005,8263
12730,2005,9440
12750,2005,35662
12850,2005,185740
12870,2005,12330
12900,2005,9610
12930,2005,129490
12950,2005,4652
13010,2005,8907
13310,2005,26615
13340,2005,10036
13450,2005,24329
13550,2005,11792
13660,2005,5442
13800,2005,61698
13850,2005,3512
13910,2005,18146
14000,2005,135974
14100,2005,13636
14170,2005,166486
14220,2005,16874
14300,2005,5882
14350,2005,27936
14400,2005,19690
14500,2005,104883
14550,2005,9507
14600,2005,7071
14650,2005,188547
14700,2005,31538
14750,2005,11590
14850,2005,43011
14870,2005,20272
14900,2005,167472
14920,2005,7736
14950,2005,3267
15050,2005,61961
15240,2005,84281
15270,2005,21647
15300,2005,14693
15350,2005,27538
15520,2005,10932
15560,2005,4273
15650,2005,15467
15700,2005,18247
15750,2005,13592
15800,2005,6221
15850,2005,6734
15900,2005,145914
15950,2005,60850
15990,2005,231741
16100,2005,5193
16150,2005,36410
16200,2005,14627
16260,2005,178021
16350,2005,175799
16380,2005,69659
16400,2005,61918
16490,2005,48886
16550,2005,124596
16610,2005,21256
16700,2005,99527
16900,2005,61863
16950,2005,90173
17000,2005,22254
17040,2005,19866
17080,2005,14700
17100,2005,32143
17150,2005,211460
17200,2005,158834
17310,2005,54363
17350,2005,6016
17400,2005,6630
17420,2005,133214
17550,2005,80382
17620,2005,13281
17640,2005,7185
17650,2005,5888
17750,2005,57761
17850,2005,3244
17900,2005,7312
17950,2005,2919
18020,2005,10155
18050,2005,63435
18100,2005,3737
18200,2005,6915
18250,2005,65578
18350,2005,43402
18400,2005,40411
18450,2005,190721
18500,2005,52655
18710,2005,13247
19399,2005,1114
20110,2005,12372
20260,2005,11452
20570,2005,85663
20660,2005,117149
20740,2005,26894
20830,2005,37079
20910,2005,89873
21010,2005,13829
21110,2005,158727
21180,2005,172749
21270,2005,6995
21370,2005,36779
21450,2005,55173
21610,2005,213821
21670,2005,12493
21750,2005,20684
21830,2005,16867
21890,2005,130298
22110,2005,40173
22170,2005,118530
22250,2005,11455
22310,2005,126485
22410,2005,20051
22490,2005,16390
22620,2005,93269
22670,2005,128054
22750,2005,199996
22830,2005,58419
22910,2005,13973
22980,2005,6189
23110,2005,82990
23190,2005,18584
23270,2005,149059
23350,2005,14919
23430,2005,137091
23670,2005,149362
23810,2005,69939
23940,2005,8012
24130,2005,38998
24210,2005,113432
24250,2005,7124
24330,2005,64137
24410,2005,101009
24600,2005,76034
24650,2005,74316
24700,2005,138963
24780,2005,49981
24850,2005,30492
24900,2005,26969
24970,2005,164949
25060,2005,105059
25150,2005,25783
25340,2005,137759
25430,2005,17240
25490,2005,15635
25620,2005,13472
25710,2005,61102
25810,2005,12285
25900,2005,87831
25990,2005,6603
26080,2005,3104
26170,2005,26068
26260,2005,16879
26350,2005,92893
26430,2005,9455
26490,2005,21819
26610,2005,20977
26670,2005,6105
26700,2005,26608
26730,2005,30553
26810,2005,40504
26890,2005,4583
26980,2005,147344
27070,2005,125893
27170,2005,33597
27260,2005,108795
27350,2005,71719
27450,2005,142928
27630,2005,7715
29399,2005,697
30250,2005,1098
30300,2005,4878
30370,2005,14913
30410,2005,3359
30450,2005,381
30760,2005,2126
30900,2005,456
31000,2005,967989
31750,2005,397
31820,2005,82876
31900,2005,17536
31950,2005,506
32080,2005,127336
32250,2005,2080
32260,2005,29124
32270,2005,26661
32310,2005,11783
32330,2005,1188
32450,2005,3342
32500,2005,3626
32600,2005,271
32750,2005,294
32770,2005,1136
32810,2005,10369
33100,2005,883
33200,2005,1897
33220,2005,83010
33360,2005,50587
33430,2005,436671
33610,2005,10297
33620,2005,41682
33800,2005,11814
33830,2005,824
33960,2005,137324
33980,2005,19785
34420,2005,1048
34530,2005,28755
34570,2005,584
34580,2005,30524
34590,2005,253905
34710,2005,4284
34770,2005,99901
34800,2005,951
34830,2005,239
34860,2005,12501
34880,2005,18553
35010,2005,323085
35250,2005,1067
35300,2005,20153
35600,2005,4774
35670,2005,856
35740,2005,47635
35760,2005,10403
35780,2005,2070
35790,2005,2103
35800,2005,2042
36070,2005,623
36150,2005,1019
36250,2005,128654
36300,2005,975
36370,2005,73185
36510,2005,33560
36580,2005,19085
36630,2005,29050
36660,2005,32010
36720,2005,230168
36820,2005,22861
36910,2005,143791
36950,2005,3481
36960,2005,4485
37010,2005,155330
37300,2005,2721
37310,2005,28837
37340,2005,29606
37400,2005,1454
37550,2005,915
37570,2005,342
37600,2005,2410
40070,2005,16573
40120,2005,39066
40150,2005,8023
40220,2005,20611
40250,2005,2389
40310,2005,20751
40430,2005,2590
40520,2005,11190
40700,2005,43272
40910,2005,47059
41010,2005,3684
41060,2005,102797
41140,2005,8328
41190,2005,1981
41330,2005,2040
41560,2005,11440
41750,2005,1172
41830,2005,1767
41960,2005,1240
42030,2005,18966
42110,2005,4265
42250,2005,7585
42600,2005,34007
42750,2005,4392
43080,2005,1200
43220,2005,1160
43360,2005,2404
43650,2005,12325
43710,2005,4408
43790,2005,12023
44000,2005,116
44060,2005,79980
44210,2005,8253
44340,2005,63265
44550,2005,26706
44620,2005,24495
44830,2005,2899
45040,2005,17931
45090,2005,8345
45120,2005,4755
45290,2005,34621
45340,2005,151906
45400,2005,970
45540,2005,1963
45680,2005,70488
45890,2005,104370
46090,2005,14108
46300,2005,14012
46450,2005,17511
46510,2005,19714
46670,2005,9678
46860,2005,1395
46970,2005,4014
47140,2005,119469
47290,2005,2197
47490,2005,2031
47630,2005,7070
47700,2005,98422
47800,2005,5837
47910,2005,2606
47980,2005,36805
48050,2005,12180
48130,2005,6533
48260,2005,7118
48340,2005,12250
48410,2005,53069
48540,2005,21890
48640,2005,1363
48750,2005,4151
48830,2005,11530
49399,2005,4080
50080,2005,32726
50210,2005,51795
50250,2005,7263
50280,2005,10936
50350,2005,13943
50420,2005,58344
50490,2005,30966
50560,2005,1631
50630,2005,1434
50770,2005,1572
50840,2005,4134
50910,2005,1038
50980,2005,14219
51080,2005,1204
51120,2005,1040
51190,2005,31035
51260,2005,25996
51310,2005,24638
51330,2005,80261
51400,2005,9733
51470,2005,791
51540,2005,6160
51610,2005,924
51680,2005,3541
51710,2005,1380
51750,2005,9349
51820,2005,75741
51860,2005,588
51890,2005,9076
51960,2005,4023
52030,2005,1301
52100,2005,1204
52170,2005,7581
52240,2005,1125
52310,2005,804
52380,2005,352
52450,2005,1322
52520,2005,1520
52590,2005,2964
52660,2005,10219
52730,2005,4798
52800,2005,7882
52870,2005,4731
52940,2005,746
53010,2005,691
53080,2005,1155
53150,2005,6985
53220,2005,6998
53290,2005,13694
53360,2005,2233
53430,2005,26108
53570,2005,4534
53640,2005,1456
53710,2005,961
53780,2005,92600
53800,2005,35021
53920,2005,3747
53990,2005,19565
54060,2005,3143
54130,2005,1248
54170,2005,156453
54200,2005,51052
54280,2005,29855
54310,2005,18864
54340,2005,4404
54410,2005,1215
54480,2005,596
54550,2005,2260
54620,2005,1012
54690,2005,477
54760,2005,912
54830,2005,23053
54900,2005,1548
54970,2005,869
55040,2005,1599
55110,2005,56719
55180,2005,9879
55250,2005,1285
55320,2005,96699
55390,2005,260
55460,2005,3442
55530,2005,521
55600,2005,2593
55670,2005,886
55740,2005,8762
55810,2005,744
55880,2005,656
55950,2005,643
56090,2005,36195
56160,2005,129
56230,2005,12266
56300,2005,1271
56370,2005,952
56460,2005,5363
56580,2005,21459
56620,2005,1477
56730,2005,10270
56790,2005,3345
56860,2005,258
56930,2005,1692
57000,2005,574
57080,2005,13939
57140,2005,1217
57210,2005,4643
57280,2005,13880
57350,2005,1068
57420,2005,1733
57490,2005,82936
57630,2005,126
57700,2005,12913
57770,2005,909
57840,2005,40025
57910,2005,181976
57980,2005,14267
58050,2005,92342
58190,2005,420
58260,2005,711
58330,2005,4277
58400,2005,408
58470,2005,332
58510,2005,28761
58540,2005,962
58570,2005,28782
58610,2005,1925
58680,2005,370
58760,2005,107053
58820,2005,3576
58890,2005,887
59030,2005,230
59100,2005,755
59170,2005,919
59250,2005,768
59310,2005,1490
59320,2005,404
59330,2005,630
59340,2005,7789
59350,2005,274
59360,2005,1580
59370,2005,3220
60210,2005,6191
60410,2005,13946
60610,2005,19547
60810,2005,21174
61010,2005,2345
61210,2005,8286
61410,2005,50014
61510,2005,9540
61610,2005,25050
61810,2005,7272
62010,2005,897
62210,2005,6755
62410,2005,4347
62610,2005,43850
62810,2005,48890
63010,2005,14394
63210,2005,5861
63410,2005,1715
63610,2005,31020
63810,2005,8759
64010,2005,64715
64210,2005,18889
64610,2005,12422
64810,2005,11738
65010,2005,5850
65210,2005,2279
65410,2005,13757
65610,2005,5245
65810,2005,21454
70200,2005,26572
70420,2005,7455
70540,2005,205
70620,2005,4493
70700,2005,1206
71000,2005,70538
71150,2005,0
71300,2005,9055
72200,2005,9626
72300,2005,16215
72330,2005,6767
72800,2005,24629
73600,2005,6352
74050,2005,2428
74550,2005,3439
74560,2005,310
74660,2005,6304
74680,2005,2864
79399,2005,7447
89399,2005,331399
99399,2005,413
10050,2006,47566
10180,2006,27377
10250,2006,39537
10300,2006,2507
10470,2006,36916
10500,2006,133205
10550,2006,31829
10600,2006,12716
10650,2006,8160
10750,2006,278894
10800,2006,6212
10850,2006,6741
10900,2006,75600
10950,2006,2939
11150,2006,3185
11200,2006,2004
11250,2006,19753
11300,2006,32199
11350,2006,30125
11400,2006,12634
11450,2006,50632
11500,2006,146534
11520,2006,68309
11570,2006,310578
11600,2006,2863
11650,2006,303051
11700,2006,2000
11720,2006,47426
11730,2006,49149
11750,2006,4941
11800,2006,66657
12000,2006,4097
12150,2006,4305
12160,2006,11254
12350,2006,12754
12380,2006,180403
12390,2006,47148
12700,2006,8245
12730,2006,9287
12750,2006,35855
12850,2006,186117
12870,2006,12497
12900,2006,9540
12930,2006,130586
12950,2006,4618
13010,2006,8987
13310,2006,26695
13340,2006,9999
13450,2006,24450
13550,2006,11782
13660,2006,5428
13800,2006,61725
13850,2006,3483
13910,2006,18213
14000,2006,136162
14100,2006,13662
14170,2006,167602
14220,2006,16947
14300,2006,5943
14350,2006,28032
14400,2006,19626
14500,2006,104459
14550,2006,9491
14600,2006,6932
14650,2006,188503
14700,2006,31527
14750,2006,11562
14850,2006,43338
14870,2006,20186
14900,2006,169868
14920,2006,7717
14950,2006,3237
15050,2006,63505
15240,2006,84579
15270,2006,21641
15300,2006,14407
15350,2006,27570
15520,2006,11020
15560,2006,4219
15650,2006,15639
15700,2006,18299
15750,2006,13477
15800,2006,6149
15850,2006,6691
15900,2006,146623
15950,2006,61512
15990,2006,233600
16100,2006,5179
16150,2006,36374
16200,2006,14600
16260,2006,180919
16350,2006,176067
16380,2006,69947
16400,2006,62132
16490,2006,50070
16550,2006,125346
16610,2006,21728
16700,2006,100344
16900,2006,62243
16950,2006,90505
17000,2006,22535
17040,2006,20008
17080,2006,14684
17100,2006,33030
17150,2006,211230
17200,2006,164597
17310,2006,54887
17350,2006,6008
17400,2006,6666
17420,2006,136015
17550,2006,81531
17620,2006,13333
17640,2006,7209
17650,2006,5894
17750,2006,58518
17850,2006,3259
17900,2006,7129
17950,2006,2814
18020,2006,10034
18050,2006,64294
18100,2006,3722
18200,2006,6926
18250,2006,66481
18350,2006,43532
18400,2006,40969
18450,2006,190909
18500,2006,52995
18710,2006,13500
19399,2006,1095
20110,2006,12260
20260,2006,11422
20570,2006,86647
20660,2006,117963
20740,2006,26941
20830,2006,37814
20910,2006,90807
21010,2006,13807
21110,2006,159605
21180,2006,174231
21270,2006,6957
21370,2006,36969
21450,2006,57950
21610,2006,220440
21670,2006,12434
21750,2006,20614
21830,2006,16815
21890,2006,132299
22110,2006,40544
22170,2006,120148
22250,2006,11413
22310,2006,128474
22410,2006,20077
22490,2006,16666
22620,2006,94577
22670,2006,130068
22750,2006,201495
22830,2006,58688
22910,2006,13926
22980,2006,6119
23110,2006,83906
23190,2006,18770
23270,2006,152797
23350,2006,15038
23430,2006,138390
23670,2006,150275
23810,2006,70536
23940,2006,7922
24130,2006,39383
24210,2006,113914
24250,2006,7357
24330,2006,65518
24410,2006,101430
24600,2006,80154
24650,2006,80595
24700,2006,140872
24780,2006,50540
24850,2006,30723
24900,2006,27477
24970,2006,167010
25060,2006,105717
25150,2006,26077
25340,2006,139317
25430,2006,17304
25490,2006,15708
25620,2006,13663
25710,2006,61515
25810,2006,12095
25900,2006,89641
25990,2006,6648
26080,2006,3086
26170,2006,26128
26260,2006,16858
26350,2006,94056
26430,2006,9509
26490,2006,22333
26610,2006,20950
26670,2006,6097
26700,2006,26776
26730,2006,30959
26810,2006,40682
26890,2006,4539
26980,2006,149017
27070,2006,128491
27170,2006,33595
27260,2006,115161
27350,2006,72808
27450,2006,143393
27630,2006,7609
29399,2006,757
30250,2006,1089
30300,2006,4754
30370,2006,15026
30410,2006,3341
30450,2006,370
30760,2006,2063
30900,2006,434
31000,2006,987831
31750,2006,380
31820,2006,84816
31900,2006,17451
31950,2006,512
32080,2006,131843
32250,2006,2003
32260,2006,28603
32270,2006,27265
32310,2006,11729
32330,2006,1182
32450,2006,3248
32500,2006,3565
32600,2006,264
32750,2006,291
32770,2006,1129
32810,2006,10524
33100,2006,869
33200,2006,1844
33220,2006,86117
33360,2006,52051
33430,2006,450075
33610,2006,10364
33620,2006,42628
33800,2006,11810
33830,2006,812
33960,2006,141986
33980,2006,20372
34420,2006,1063
34530,2006,29543
34570,2006,578
34580,2006,31305
34590,2006,259116
34710,2006,4174
34770,2006,103567
34800,2006,922
34830,2006,247
34860,2006,12612
34880,2006,18753
35010,2006,331713
35250,2006,1082
35300,2006,20374
35600,2006,4692
35670,2006,876
35740,2006,48082
35760,2006,10378
35780,2006,2063
35790,2006,2070
35800,2006,1991
36070,2006,621
36150,2006,1012
36250,2006,130760
36300,2006,935
36370,2006,74204
36510,2006,34231
36580,2006,19608
36630,2006,29699
36660,2006,32411
36720,2006,236654
36820,2006,23228
36910,2006,145992
36950,2006,3373
36960,2006,4548
37010,2006,159482
37300,2006,2902
37310,2006,29122
37340,2006,30255
37400,2006,1423
37550,2006,886
37570,2006,336
37600,2006,2468
40070,2006,17479
40120,2006,39165
40150,2006,8118
40220,2006,21208
40250,2006,2310
40310,2006,21096
40430,2006,2590
40520,2006,11239
40700,2006,43414
40910,2006,47383
41010,2006,3702
41060,2006,103364
41140,2006,8370
41190,2006,2000
41330,2006,1984
41560,2006,11649
41750,2006,1164
41830,2006,1767
41960,2006,1245
42030,2006,19241
42110,2006,4271
42250,2006,7613
42600,2006,34371
42750,2006,4396
43080,2006,1189
43220,2006,1147
43360,2006,2390
43650,2006,12680
43710,2006,4537
43790,2006,11902
44000,2006,111
44060,2006,80646
44210,2006,8216
44340,2006,63676
44550,2006,27393
44620,2006,24626
44830,2006,2906
45040,2006,18159
45090,2006,8354
45120,2006,4760
45290,2006,34967
45340,2006,153244
45400,2006,959
45540,2006,1946
45680,2006,71385
45890,2006,105579
46090,2006,14251
46300,2006,14060
46450,2006,17551
46510,2006,19959
46670,2006,9689
46860,2006,1386
46970,2006,4186
47140,2006,121288
47290,2006,2187
47490,2006,2067
47630,2006,7037
47700,2006,98456
47800,2006,5838
47910,2006,2609
47980,2006,37211
48050,2006,12303
48130,2006,6533
48260,2006,7179
48340,2006,12224
48410,2006,53692
48540,2006,21989
48640,2006,1346
48750,2006,4245
48830,2006,11474
49399,2006,3858
50080,2006,33171
50210,2006,52299
50250,2006,7608
50280,2006,11052
50350,2006,13896
50420,2006,59632
50490,2006,31560
50560,2006,1646
50630,2006,1427
50770,2006,1563
50840,2006,4134
50910,2006,1037
50980,2006,14326
51080,2006,1208
51120,2006,1004
51190,2006,31450
51260,2006,26711
51310,2006,24939
51330,2006,80933
51400,2006,10666
51470,2006,792
51540,2006,6051
51610,2006,943
51680,2006,3669
51710,2006,1403
51750,2006,9393
51820,2006,77832
51860,2006,590
51890,2006,9012
51960,2006,4005
52030,2006,1259
52100,2006,1200
52170,2006,7652
52240,2006,1132
52310,2006,817
52380,2006,342
52450,2006,1317
52520,2006,1441
52590,2006,3018
52660,2006,10837
52730,2006,4797
52800,2006,8095
52870,2006,4951
52940,2006,736
53010,2006,677
53080,2006,1127
53150,2006,7074
53220,2006,7667
53290,2006,13644
53360,2006,2205
53430,2006,26124
53570,2006,4577
53640,2006,1432
53710,2006,973
53780,2006,94958
53800,2006,35736
53920,2006,3762
53990,2006,20450
54060,2006,3218
54130,2006,1186
54170,2006,156570
54200,2006,51423
54280,2006,30086
54310,2006,20054
54340,2006,4404
54410,2006,1230
54480,2006,599
54550,2006,2272
54620,2006,1019
54690,2006,470
54760,2006,922
54830,2006,23986
54900,2006,1530
54970,2006,783
55040,2006,1501
55110,2006,58811
55180,2006,9718
55250,2006,1225
55320,2006,96778
55390,2006,237
55460,2006,3408
55530,2006,504
55600,2006,2531
55670,2006,860
55740,2006,8760
55810,2006,734
55880,2006,650
55950,2006,601
56090,2006,36326
56160,2006,118
56230,2006,12522
56300,2006,1282
56370,2006,945
56460,2006,5331
56580,2006,21394
56620,2006,1466
56730,2006,10280
56790,2006,3334
56860,2006,255
56930,2006,1691
57000,2006,561
57080,2006,15232
57140,2006,1220
57210,2006,4694
57280,2006,14084
57350,2006,1071
57420,2006,2045
57490,2006,87033
57630,2006,126
57700,2006,13246
57770,2006,906
57840,2006,40517
57910,2006,183957
57980,2006,14464
58050,2006,95206
58190,2006,417
58260,2006,693
58330,2006,4330
58400,2006,410
58470,2006,307
58510,2006,29162
58540,2006,946
58570,2006,29261
58610,2006,1943
58680,2006,373
58760,2006,114943
58820,2006,3614
58890,2006,885
59030,2006,226
59100,2006,762
59170,2006,908
59250,2006,735
59310,2006,1461
59320,2006,415
59330,2006,592
59340,2006,7879
59350,2006,263
59360,2006,1477
59370,2006,3244
60210,2006,6274
60410,2006,14236
60610,2006,19748
60810,2006,21428
61010,2006,2327
61210,2006,8243
61410,2006,50344
61510,2006,9636
61610,2006,24901
61810,2006,7244
62010,2006,896
62210,2006,6755
62410,2006,4371
62610,2006,43844
62810,2006,48989
63010,2006,14530
63210,2006,5965
63410,2006,1716
63610,2006,31404
63810,2006,8973
64010,2006,64802
64210,2006,19052
64610,2006,12561
64810,2006,12049
65010,2006,5864
65210,2006,2326
65410,2006,13895
65610,2006,5229
65810,2006,21700
70200,2006,26700
70420,2006,7564
70540,2006,199
70620,2006,4454
70700,2006,1234
71000,2006,71366
71150,2006,0
71300,2006,9275
72200,2006,9689
72300,2006,16451
72330,2006,6761
72800,2006,25640
73600,2006,6423
74050,2006,2432
74550,2006,3441
74560,2006,326
74660,2006,6452
74680,2006,2986
79399,2006,7664
89399,2006,335170
99399,2006,386
10050,2007,48140
10180,2007,27468
10250,2007,39824
10300,2007,2473
10470,2007,37272
10500,2007,135831
10550,2007,32183
10600,2007,12773
10650,2007,8204
10750,2007,284925
10800,2007,6178
10850,2007,6821
10900,2007,76198
10950,2007,2972
11150,2007,3073
11200,2007,1961
11250,2007,19708
11300,2007,32893
11350,2007,30174
11400,2007,12706
11450,2007,52182
11500,2007,147155
11520,2007,70196
11570,2007,316155
11600,2007,2827
11650,2007,306499
11700,2007,2003
11720,2007,48302
11730,2007,49524
11750,2007,4954
11800,2007,67567
12000,2007,4116
12150,2007,4253
12160,2007,11201
12350,2007,12688
12380,2007,185224
12390,2007,47315
12700,2007,8245
12730,2007,9228
12750,2007,36103
12850,2007,187872
12870,2007,12479
12900,2007,9573
12930,2007,132751
12950,2007,4532
13010,2007,8919
13310,2007,26803
13340,2007,9985
13450,2007,24583
13550,2007,11879
13660,2007,5307
13800,2007,62262
13850,2007,3394
13910,2007,18266
14000,2007,137694
14100,2007,13716
14170,2007,170481
14220,2007,17104
14300,2007,5942
14350,2007,28193
14400,2007,19809
14500,2007,105551
14550,2007,9491
14600,2007,6821
14650,2007,189672
14700,2007,31678
14750,2007,11502
14850,2007,43636
14870,2007,20277
14900,2007,172875
14920,2007,7720
14950,2007,3203
15050,2007,65143
15240,2007,85325
15270,2007,21887
15300,2007,14155
15350,2007,27900
15520,2007,11082
15560,2007,4109
15650,2007,15713
15700,2007,18456
15750,2007,13359
15800,2007,6103
15850,2007,6676
15900,2007,148524
15950,2007,62476
15990,2007,237084
16100,2007,5166
16150,2007,36801
16200,2007,14643
16260,2007,185175
16350,2007,177280
16380,2007,71097
16400,2007,63425
16490,2007,51002
16550,2007,128229
16610,2007,22067
16700,2007,102453
16900,2007,62916
16950,2007,91497
17000,2007,22663
17040,2007,20073
17080,2007,14641
17100,2007,34219
17150,2007,213161
17200,2007,169056
17310,2007,55607
17350,2007,5977
17400,2007,6731
17420,2007,138034
17550,2007,83060
17620,2007,13374
17640,2007,7229
17650,2007,5930
17750,2007,59493
17850,2007,3210
17900,2007,6979
17950,2007,2786
18020,2007,9952
18050,2007,65279
18100,2007,3710
18200,2007,6963
18250,2007,67809
18350,2007,44054
18400,2007,41589
18450,2007,192770
18500,2007,53564
18710,2007,13916
19399,2007,1100
20110,2007,12227
20260,2007,11363
20570,2007,87796
20660,2007,119362
20740,2007,27408
20830,2007,38503
20910,2007,92041
21010,2007,13802
21110,2007,161308
21180,2007,177004
21270,2007,6861
21370,2007,37020
21450,2007,60368
21610,2007,228496
21670,2007,12471
21750,2007,20687
21830,2007,16718
21890,2007,134748
22110,2007,40969
22170,2007,122182
22250,2007,11207
22310,2007,130524
22410,2007,20035
22490,2007,17022
22620,2007,96097
22670,2007,132860
22750,2007,203802
22830,2007,59208
22910,2007,14014
22980,2007,6080
23110,2007,84819
23190,2007,18917
23270,2007,157516
23350,2007,15047
23430,2007,140487
23670,2007,151343
23810,2007,71045
23940,2007,7883
24130,2007,39900
24210,2007,114771
24250,2007,7465
24330,2007,67666
24410,2007,102536
24600,2007,85366
24650,2007,86196
24700,2007,143694
24780,2007,50855
24850,2007,31529
24900,2007,27703
24970,2007,169145
25060,2007,106716
25150,2007,26431
25340,2007,141740
25430,2007,17415
25490,2007,15744
25620,2007,13690
25710,2007,61858
25810,2007,12095
25900,2007,91490
25990,2007,6650
26080,2007,3081
26170,2007,26350
26260,2007,16874
26350,2007,95228
26430,2007,9538
26490,2007,23135
26610,2007,20972
26670,2007,6060
26700,2007,26871
26730,2007,31380
26810,2007,40897
26890,2007,4488
26980,2007,151180
27070,2007,132938
27170,2007,33837
27260,2007,123778
27350,2007,74289
27450,2007,144485
27630,2007,7505
29399,2007,741
30250,2007,1164
30300,2007,4760
30370,2007,14883
30410,2007,3338
30450,2007,364
30760,2007,2076
30900,2007,428
31000,2007,1010222
31750,2007,369
31820,2007,86486
31900,2007,17568
31950,2007,532
32080,2007,136251
32250,2007,2087
32260,2007,28706
32270,2007,27596
32310,2007,11915
32330,2007,1190
32450,2007,3250
32500,2007,3650
32600,2007,271
32750,2007,290
32770,2007,1194
32810,2007,10768
33100,2007,902
33200,2007,1842
33220,2007,89109
33360,2007,53587
33430,2007,466940
33610,2007,10468
33620,2007,43634
33800,2007,11822
33830,2007,850
33960,2007,148133
33980,2007,21018
34420,2007,1075
34530,2007,30629
34570,2007,573
34580,2007,32050
34590,2007,264410
34710,2007,4174
34770,2007,106026
34800,2007,963
34830,2007,254
34860,2007,12770
34880,2007,19195
35010,2007,344545
35250,2007,1119
35300,2007,20711
35600,2007,4665
35670,2007,881
35740,2007,48595
35760,2007,10322
35780,2007,2168
35790,2007,2162
35800,2007,1946
36070,2007,647
36150,2007,994
36250,2007,133596
36300,2007,908
36370,2007,75195
36510,2007,34983
36580,2007,19919
36630,2007,30114
36660,2007,32933
36720,2007,243309
36820,2007,23553
36910,2007,147927
36950,2007,3418
36960,2007,4577
37010,2007,163509
37300,2007,3133
37310,2007,29520
37340,2007,30759
37400,2007,1403
37550,2007,902
37570,2007,325
37600,2007,2498
40070,2007,18549
40120,2007,39204
40150,2007,8255
40220,2007,21843
40250,2007,2352
40310,2007,21357
40430,2007,2587
40520,2007,11175
40700,2007,43549
40910,2007,47886
41010,2007,3693
41060,2007,103897
41140,2007,8448
41190,2007,1970
41330,2007,1928
41560,2007,12042
41750,2007,1150
41830,2007,1767
41960,2007,1252
42030,2007,19851
42110,2007,4265
42250,2007,7643
42600,2007,34817
42750,2007,4427
43080,2007,1163
43220,2007,1135
43360,2007,2393
43650,2007,12994
43710,2007,4619
43790,2007,11870
44000,2007,98
44060,2007,81616
44210,2007,8195
44340,2007,64017
44550,2007,27990
44620,2007,25004
44830,2007,2918
45040,2007,18594
45090,2007,8311
45120,2007,4755
45290,2007,35315
45340,2007,154841
45400,2007,958
45540,2007,1925
45680,2007,72682
45890,2007,107820
46090,2007,14300
46300,2007,14144
46450,2007,17610
46510,2007,20219
46670,2007,9657
46860,2007,1401
46970,2007,4370
47140,2007,123789
47290,2007,2176
47490,2007,2100
47630,2007,6974
47700,2007,98458
47800,2007,5809
47910,2007,2610
47980,2007,37512
48050,2007,12694
48130,2007,6559
48260,2007,7199
48340,2007,12160
48410,2007,54508
48540,2007,22165
48640,2007,1321
48750,2007,4331
48830,2007,11409
49399,2007,4024
50080,2007,33310
50210,2007,53735
50250,2007,7939
50280,2007,11195
50350,2007,14099
50420,2007,60911
50490,2007,32742
50560,2007,1649
50630,2007,1576
50770,2007,1564
50840,2007,4149
50910,2007,1022
50980,2007,14577
51080,2007,1183
51120,2007,978
51190,2007,31152
51260,2007,27197
51310,2007,25236
51330,2007,83123
51400,2007,11330
51470,2007,743
51540,2007,5943
51610,2007,989
51680,2007,3818
51710,2007,1569
51750,2007,9463
51820,2007,81453
51860,2007,575
51890,2007,8972
51960,2007,3977
52030,2007,1189
52100,2007,1176
52170,2007,7733
52240,2007,1111
52310,2007,830
52380,2007,320
52450,2007,1295
52520,2007,1363
52590,2007,3052
52660,2007,11147
52730,2007,4858
52800,2007,8267
52870,2007,4981
52940,2007,709
53010,2007,651
53080,2007,1119
53150,2007,7098
53220,2007,8510
53290,2007,13585
53360,2007,2217
53430,2007,26648
53570,2007,4574
53640,2007,1395
53710,2007,970
53780,2007,98035
53800,2007,35812
53920,2007,3794
53990,2007,20913
54060,2007,3281
54130,2007,1148
54170,2007,157225
54200,2007,52560
54280,2007,30250
54310,2007,20587
54340,2007,4366
54410,2007,1213
54480,2007,583
54550,2007,2181
54620,2007,1013
54690,2007,454
54760,2007,882
54830,2007,24960
54900,2007,1467
54970,2007,848
55040,2007,1723
55110,2007,61355
55180,2007,9625
55250,2007,1242
55320,2007,97911
55390,2007,269
55460,2007,3352
55530,2007,495
55600,2007,2487
55670,2007,854
55740,2007,8845
55810,2007,681
55880,2007,616
55950,2007,567
56090,2007,36569
56160,2007,112
56230,2007,12819
56300,2007,1277
56370,2007,890
56460,2007,5287
56580,2007,21435
56620,2007,1483
56730,2007,10256
56790,2007,3322
56860,2007,252
56930,2007,1653
57000,2007,607
57080,2007,16407
57140,2007,1207
57210,2007,4762
57280,2007,14129
57350,2007,1070
57420,2007,2110
57490,2007,92235
57630,2007,123
57700,2007,14055
57770,2007,891
57840,2007,41233
57910,2007,189261
57980,2007,14799
58050,2007,99153
58190,2007,416
58260,2007,672
58330,2007,4360
58400,2007,395
58470,2007,296
58510,2007,30264
58540,2007,935
58570,2007,30279
58610,2007,1932
58680,2007,386
58760,2007,125837
58820,2007,3591
58890,2007,882
59030,2007,235
59100,2007,753
59170,2007,912
59250,2007,808
59310,2007,1433
59320,2007,417
59330,2007,560
59340,2007,7866
59350,2007,288
59360,2007,1535
59370,2007,3273
60210,2007,6308
60410,2007,14508
60610,2007,19812
60810,2007,21640
61010,2007,2338
61210,2007,8291
61410,2007,50630
61510,2007,9705
61610,2007,25024
61810,2007,7227
62010,2007,881
62210,2007,6762
62410,2007,4412
62610,2007,44179
62810,2007,49203
63010,2007,14814
63210,2007,6031
63410,2007,1704
63610,2007,31938
63810,2007,9162
64010,2007,65311
64210,2007,19190
64610,2007,12568
64810,2007,12294
65010,2007,5914
65210,2007,2332
65410,2007,14002
65610,2007,5157
65810,2007,21925
70200,2007,26961
70420,2007,7663
70540,2007,199
70620,2007,4417
70700,2007,1240
71000,2007,72735
71150,2007,0
71300,2007,9496
72200,2007,9844
72300,2007,17412
72330,2007,6709
72800,2007,26771
73600,2007,6539
74050,2007,2522
74550,2007,3491
74560,2007,342
74660,2007,6505
74680,2007,3023
79399,2007,7879
89399,2007,342644
99399,2007,370
10050,2008,48518
10180,2008,27788
10250,2008,40020
10300,2008,2433
10470,2008,37904
10500,2008,139556
10550,2008,32367
10600,2008,12787
10650,2008,8237
10750,2008,292002
10800,2008,6113
10850,2008,6900
10900,2008,77102
10950,2008,2992
11150,2008,3046
11200,2008,1944
11250,2008,19604
11300,2008,33343
11350,2008,30347
11400,2008,12799
11450,2008,53739
11500,2008,148404
11520,2008,72320
11570,2008,322404
11600,2008,2784
11650,2008,312338
11700,2008,2003
11720,2008,49303
11730,2008,49818
11750,2008,4887
11800,2008,68574
12000,2008,4145
12150,2008,4233
12160,2008,11168
12350,2008,12591
12380,2008,191102
12390,2008,47849
12700,2008,8286
12730,2008,9110
12750,2008,36301
12850,2008,190654
12870,2008,12468
12900,2008,9526
12930,2008,135287
12950,2008,4471
13010,2008,8907
13310,2008,27166
13340,2008,9988
13450,2008,24817
13550,2008,11987
13660,2008,5210
13800,2008,63066
13850,2008,3292
13910,2008,18337
14000,2008,139436
14100,2008,13742
14170,2008,173375
14220,2008,17253
14300,2008,5978
14350,2008,28431
14400,2008,19933
14500,2008,107976
14550,2008,9490
14600,2008,6793
14650,2008,191478
14700,2008,31918
14750,2008,11457
14850,2008,43750
14870,2008,20352
14900,2008,177372
14920,2008,7717
14950,2008,3171
15050,2008,66244
15240,2008,86091
15270,2008,22186
15300,2008,14070
15350,2008,28422
15520,2008,11161
15560,2008,4039
15650,2008,15749
15700,2008,18695
15750,2008,13303
15800,2008,6069
15850,2008,6726
15900,2008,150553
15950,2008,63484
15990,2008,239842
16100,2008,5161
16150,2008,37401
16200,2008,14755
16260,2008,189684
16350,2008,179851
16380,2008,72528
16400,2008,64316
16490,2008,52141
16550,2008,131136
16610,2008,22291
16700,2008,104602
16900,2008,63956
16950,2008,92351
17000,2008,22860
17040,2008,20147
17080,2008,14575
17100,2008,35343
17150,2008,216400
17200,2008,172985
17310,2008,56148
17350,2008,5959
17400,2008,6796
17420,2008,141230
17550,2008,84842
17620,2008,13599
17640,2008,7276
17650,2008,5996
17750,2008,60329
17850,2008,3172
17900,2008,6883
17950,2008,2789
18020,2008,9925
18050,2008,66458
18100,2008,3715
18200,2008,6964
18250,2008,68434
18350,2008,44539
18400,2008,42401
18450,2008,195437
18500,2008,54076
18710,2008,14310
19399,2008,1107
20110,2008,12156
20260,2008,11344
20570,2008,89531
20660,2008,120580
20740,2008,27981
20830,2008,39389
20910,2008,93535
21010,2008,13792
21110,2008,163408
21180,2008,180561
21270,2008,6789
21370,2008,37017
21450,2008,63647
21610,2008,237529
21670,2008,12531
21750,2008,20782
21830,2008,16636
21890,2008,137525
22110,2008,41416
22170,2008,124689
22250,2008,11052
22310,2008,132900
22410,2008,20020
22490,2008,17456
22620,2008,97417
22670,2008,135884
22750,2008,206479
22830,2008,59854
22910,2008,14187
22980,2008,6032
23110,2008,85513
23190,2008,19060
23270,2008,161863
23350,2008,15128
23430,2008,142817
23670,2008,152538
23810,2008,71702
23940,2008,7812
24130,2008,40584
24210,2008,115539
24250,2008,7593
24330,2008,69902
24410,2008,104034
24600,2008,89937
24650,2008,92552
24700,2008,146450
24780,2008,51140
24850,2008,32302
24900,2008,27968
24970,2008,171321
25060,2008,108417
25150,2008,26813
25340,2008,144403
25430,2008,17585
25490,2008,15848
25620,2008,13748
25710,2008,62367
25810,2008,12087
25900,2008,93174
25990,2008,6661
26080,2008,3077
26170,2008,26556
26260,2008,16869
26350,2008,96841
26430,2008,9552
26490,2008,24064
26610,2008,20976
26670,2008,6048
26700,2008,27005
26730,2008,31696
26810,2008,41174
26890,2008,4452
26980,2008,153487
27070,2008,138446
27170,2008,34157
27260,2008,133063
27350,2008,75868
27450,2008,145884
27630,2008,7438
29399,2008,745
30250,2008,1252
30300,2008,4786
30370,2008,14880
30410,2008,3322
30450,2008,371
30760,2008,2124
30900,2008,443
31000,2008,1033472
31750,2008,379
31820,2008,88599
31900,2008,17653
31950,2008,542
32080,2008,141403
32250,2008,2124
32260,2008,28739
32270,2008,28090
32310,2008,12096
32330,2008,1206
32450,2008,3308
32500,2008,3787
32600,2008,297
32750,2008,295
32770,2008,1235
32810,2008,10995
33100,2008,915
33200,2008,1837
33220,2008,92018
33360,2008,55425
33430,2008,481569
33610,2008,10605
33620,2008,44700
33800,2008,11826
33830,2008,897
33960,2008,154428
33980,2008,21632
34420,2008,1079
34530,2008,31407
34570,2008,555
34580,2008,32974
34590,2008,270628
34710,2008,4193
34770,2008,108644
34800,2008,994
34830,2008,262
34860,2008,12952
34880,2008,19737
35010,2008,357499
35250,2008,1120
35300,2008,21381
35600,2008,4668
35670,2008,890
35740,2008,49600
35760,2008,10335
35780,2008,2234
35790,2008,2265
35800,2008,1921
36070,2008,662
36150,2008,992
36250,2008,136771
36300,2008,895
36370,2008,76272
36510,2008,35578
36580,2008,20366
36630,2008,30583
36660,2008,33451
36720,2008,250800
36820,2008,23885
36910,2008,150140
36950,2008,3457
36960,2008,4606
37010,2008,168503
37300,2008,3246
37310,2008,30235
37340,2008,31337
37400,2008,1372
37550,2008,916
37570,2008,319
37600,2008,2531
40070,2008,19217
40120,2008,39301
40150,2008,8285
40220,2008,22472
40250,2008,2416
40310,2008,21641
40430,2008,2575
40520,2008,11029
40700,2008,43678
40910,2008,48379
41010,2008,3672
41060,2008,104773
41140,2008,8537
41190,2008,1916
41330,2008,1860
41560,2008,12382
41750,2008,1131
41830,2008,1753
41960,2008,1254
42030,2008,20270
42110,2008,4249
42250,2008,7729
42600,2008,35375
42750,2008,4451
43080,2008,1134
43220,2008,1122
43360,2008,2381
43650,2008,13138
43710,2008,4712
43790,2008,11771
44000,2008,88
44060,2008,82536
44210,2008,8199
44340,2008,64252
44550,2008,28695
44620,2008,25222
44830,2008,2915
45040,2008,19144
45090,2008,8294
45120,2008,4717
45290,2008,35594
45340,2008,156775
45400,2008,938
45540,2008,1887
45680,2008,74514
45890,2008,110157
46090,2008,14348
46300,2008,14256
46450,2008,17619
46510,2008,20447
46670,2008,9625
46860,2008,1408
46970,2008,4566
47140,2008,126281
47290,2008,2165
47490,2008,2126
47630,2008,6891
47700,2008,98504
47800,2008,5749
47910,2008,2612
47980,2008,37821
48050,2008,13144
48130,2008,6585
48260,2008,7223
48340,2008,12144
48410,2008,55095
48540,2008,22275
48640,2008,1305
48750,2008,4396
48830,2008,11360
49399,2008,4190
50080,2008,33704
50210,2008,55809
50250,2008,8480
50280,2008,11522
50350,2008,14358
50420,2008,62617
50490,2008,33970
50560,2008,1634
50630,2008,1747
50770,2008,1570
50840,2008,4199
50910,2008,1014
50980,2008,14924
51080,2008,1175
51120,2008,982
51190,2008,31473
51260,2008,28393
51310,2008,25646
51330,2008,85135
51400,2008,12256
51470,2008,703
51540,2008,5967
51610,2008,1086
51680,2008,3968
51710,2008,1745
51750,2008,9571
51820,2008,84909
51860,2008,568
51890,2008,8997
51960,2008,4011
52030,2008,1157
52100,2008,1165
52170,2008,7884
52240,2008,1094
52310,2008,836
52380,2008,307
52450,2008,1295
52520,2008,1340
52590,2008,3104
52660,2008,11648
52730,2008,4987
52800,2008,8521
52870,2008,5095
52940,2008,718
53010,2008,649
53080,2008,1149
53150,2008,7154
53220,2008,9651
53290,2008,13603
53360,2008,2255
53430,2008,27148
53570,2008,4646
53640,2008,1371
53710,2008,981
53780,2008,101907
53800,2008,36731
53920,2008,3845
53990,2008,21819
54060,2008,3403
54130,2008,1121
54170,2008,158175
54200,2008,53540
54280,2008,30910
54310,2008,21230
54340,2008,4315
54410,2008,1200
54480,2008,568
54550,2008,2134
54620,2008,1025
54690,2008,447
54760,2008,865
54830,2008,26482
54900,2008,1428
54970,2008,977
55040,2008,1892
55110,2008,64940
55180,2008,9606
55250,2008,1270
55320,2008,98607
55390,2008,308
55460,2008,3348
55530,2008,483
55600,2008,2503
55670,2008,867
55740,2008,8971
55810,2008,665
55880,2008,594
55950,2008,558
56090,2008,36914
56160,2008,110
56230,2008,13477
56300,2008,1291
56370,2008,856
56460,2008,5281
56580,2008,21622
56620,2008,1498
56730,2008,10400
56790,2008,3318
56860,2008,247
56930,2008,1630
57000,2008,680
57080,2008,17905
57140,2008,1206
57210,2008,4863
57280,2008,14309
57350,2008,1078
57420,2008,2220
57490,2008,96506
57630,2008,117
57700,2008,15224
57770,2008,886
57840,2008,42135
57910,2008,194607
57980,2008,15147
58050,2008,103027
58190,2008,417
58260,2008,671
58330,2008,4404
58400,2008,385
58470,2008,272
58510,2008,31537
58540,2008,936
58570,2008,31155
58610,2008,1916
58680,2008,396
58760,2008,135840
58820,2008,3626
58890,2008,881
59030,2008,248
59100,2008,754
59170,2008,919
59250,2008,894
59310,2008,1429
59320,2008,424
59330,2008,546
59340,2008,7967
59350,2008,317
59360,2008,1580
59370,2008,3320
60210,2008,6352
60410,2008,14832
60610,2008,19887
60810,2008,21942
61010,2008,2348
61210,2008,8343
61410,2008,51107
61510,2008,9798
61610,2008,25336
61810,2008,7203
62010,2008,867
62210,2008,6779
62410,2008,4458
62610,2008,44542
62810,2008,49491
63010,2008,15083
63210,2008,6143
63410,2008,1690
63610,2008,32656
63810,2008,9402
64010,2008,65936
64210,2008,19342
64610,2008,12593
64810,2008,12624
65010,2008,6009
65210,2008,2352
65410,2008,14180
65610,2008,5151
65810,2008,22122
70200,2008,27466
70420,2008,7773
70540,2008,200
70620,2008,4392
70700,2008,1248
71000,2008,74613
71150,2008,0
71300,2008,9784
72200,2008,10075
72300,2008,18401
72330,2008,6707
72800,2008,28184
73600,2008,6726
74050,2008,2643
74550,2008,3476
74560,2008,361
74660,2008,6679
74680,2008,3151
79399,2008,7995
89399,2008,348368
99399,2008,370
10050,2009,48814
10180,2009,28156
10250,2009,40295
10300,2009,2404
10470,2009,38848
10500,2009,142527
10550,2009,32620
10600,2009,12837
10650,2009,8282
10750,2009,299450
10800,2009,6101
10850,2009,7041
10900,2009,77869
10950,2009,2999
11150,2009,3013
11200,2009,1900
11250,2009,19421
11300,2009,33708
11350,2009,30537
11400,2009,12929
11450,2009,55379
11500,2009,149984
11520,2009,75332
11570,2009,327793
11600,2009,2778
11650,2009,316796
11700,2009,2029
11720,2009,50218
11730,2009,50433
11750,2009,4853
11800,2009,69358
12000,2009,4187
12150,2009,4223
12160,2009,11230
12350,2009,12548
12380,2009,195643
12390,2009,48466
12700,2009,8415
12730,2009,9072
12750,2009,36462
12850,2009,193557
12870,2009,12515
12900,2009,9562
12930,2009,137979
12950,2009,4498
13010,2009,8926
13310,2009,27654
13340,2009,10009
13450,2009,25100
13550,2009,12151
13660,2009,5167
13800,2009,63618
13850,2009,3209
13910,2009,18467
14000,2009,141117
14100,2009,13835
14170,2009,176106
14220,2009,17445
14300,2009,6054
14350,2009,28775
14400,2009,20219
14500,2009,110464
14550,2009,9514
14600,2009,6779
14650,2009,193585
14700,2009,32308
14750,2009,11461
14850,2009,43940
14870,2009,20621
14900,2009,181712
14920,2009,7718
14950,2009,3159
15050,2009,67268
15240,2009,86942
15270,2009,22469
15300,2009,14019
15350,2009,28761
15520,2009,11226
15560,2009,3992
15650,2009,15878
15700,2009,18892
15750,2009,13349
15800,2009,6093
15850,2009,6748
15900,2009,151895
15950,2009,64762
15990,2009,244500
16100,2009,5192
16150,2009,37904
16200,2009,14835
16260,2009,195136
16350,2009,181901
16380,2009,73317
16400,2009,65521
16490,2009,53190
16550,2009,133975
16610,2009,22417
16700,2009,105983
16900,2009,64778
16950,2009,93754
17000,2009,23063
17040,2009,20241
17080,2009,14647
17100,2009,36592
17150,2009,219065
17200,2009,177150
17310,2009,56814
17350,2009,5936
17400,2009,6882
17420,2009,144388
17550,2009,86539
17620,2009,13801
17640,2009,7333
17650,2009,6129
17750,2009,61061
17850,2009,3154
17900,2009,6914
17950,2009,2807
18020,2009,9930
18050,2009,67394
18100,2009,3720
18200,2009,6932
18250,2009,69512
18350,2009,45165
18400,2009,43145
18450,2009,197887
18500,2009,54862
18710,2009,14714
19399,2009,1107
20110,2009,12112
20260,2009,11332
20570,2009,91390
20660,2009,122248
20740,2009,28561
20830,2009,40516
20910,2009,94850
21010,2009,13796
21110,2009,165284
21180,2009,185397
21270,2009,6751
21370,2009,37021
21450,2009,67889
21610,2009,246678
21670,2009,12587
21750,2009,20844
21830,2009,16623
21890,2009,140289
22110,2009,41904
22170,2009,127252
22250,2009,10923
22310,2009,135414
22410,2009,19995
22490,2009,17941
22620,2009,99003
22670,2009,138740
22750,2009,209429
22830,2009,60758
22910,2009,14416
22980,2009,6025
23110,2009,86767
23190,2009,19243
23270,2009,166728
23350,2009,15223
23430,2009,146050
23670,2009,154122
23810,2009,72306
23940,2009,7741
24130,2009,41582
24210,2009,116372
24250,2009,7754
24330,2009,71872
24410,2009,106011
24600,2009,94247
24650,2009,99935
24700,2009,150114
24780,2009,51373
24850,2009,32897
24900,2009,28140
24970,2009,174398
25060,2009,110367
25150,2009,27453
25340,2009,147002
25430,2009,17683
25490,2009,15976
25620,2009,13352
25710,2009,62785
25810,2009,12117
25900,2009,95272
25990,2009,6721
26080,2009,3065
26170,2009,26903
26260,2009,16822
26350,2009,98186
26430,2009,9564
26490,2009,25052
26610,2009,21043
26670,2009,6050
26700,2009,27111
26730,2009,32036
26810,2009,41506
26890,2009,4427
26980,2009,155959
27070,2009,145445
27170,2009,34654
27260,2009,143405
27350,2009,77311
27450,2009,147663
27630,2009,7412
29399,2009,749
30250,2009,1315
30300,2009,4813
30370,2009,14941
30410,2009,3303
30450,2009,360
30760,2009,2171
30900,2009,456
31000,2009,1057692
31750,2009,390
31820,2009,90335
31900,2009,17776
31950,2009,543
32080,2009,145962
32250,2009,2136
32260,2009,28761
32270,2009,28714
32310,2009,12239
32330,2009,1222
32450,2009,3304
32500,2009,3988
32600,2009,307
32750,2009,296
32770,2009,1273
32810,2009,11116
33100,2009,927
33200,2009,1834
33220,2009,94813
33360,2009,57046
33430,2009,495835
33610,2009,10722
33620,2009,45774
33800,2009,11829
33830,2009,955
33960,2009,161664
33980,2009,22237
34420,2009,1088
34530,2009,32474
34570,2009,554
34580,2009,34333
34590,2009,277372
34710,2009,4219
34770,2009,111455
34800,2009,1011
34830,2009,271
34860,2009,13113
34880,2009,20177
35010,2009,370447
35250,2009,1158
35300,2009,21607
35600,2009,4699
35670,2009,901
35740,2009,50315
35760,2009,10377
35780,2009,2273
35790,2009,2333
35800,2009,1909
36070,2009,673
36150,2009,996
36250,2009,139859
36300,2009,898
36370,2009,77448
36510,2009,36525
36580,2009,21071
36630,2009,31173
36660,2009,33976
36720,2009,258047
36820,2009,24103
36910,2009,152525
36950,2009,3481
36960,2009,4609
37010,2009,173067
37300,2009,3303
37310,2009,30893
37340,2009,31838
37400,2009,1371
37550,2009,934
37570,2009,311
37600,2009,2535
40070,2009,19914
40120,2009,39424
40150,2009,8324
40220,2009,23027
40250,2009,2476
40310,2009,21889
40430,2009,2560
40520,2009,10902
40700,2009,43969
40910,2009,49067
41010,2009,3642
41060,2009,106320
41140,2009,8622
41190,2009,1877
41330,2009,1799
41560,2009,12781
41750,2009,1107
41830,2009,1736
41960,2009,1254
42030,2009,20755
42110,2009,4246
42250,2009,7818
42600,2009,35650
42750,2009,4477
43080,2009,1110
43220,2009,1113
43360,2009,2381
43650,2009,13464
43710,2009,4809
43790,2009,11662
44000,2009,84
44060,2009,83917
44210,2009,8210
44340,2009,64678
44550,2009,29367
44620,2009,25402
44830,2009,2906
45040,2009,19556
45090,2009,8304
45120,2009,4660
45290,2009,35868
45340,2009,159268
45400,2009,915
45540,2009,1838
45680,2009,76574
45890,2009,112299
46090,2009,14404
46300,2009,14364
46450,2009,17650
46510,2009,20634
46670,2009,9567
46860,2009,1423
46970,2009,4670
47140,2009,128854
47290,2009,2155
47490,2009,2140
47630,2009,6841
47700,2009,98640
47800,2009,5708
47910,2009,2618
47980,2009,38113
48050,2009,13508
48130,2009,6628
48260,2009,7259
48340,2009,12055
48410,2009,55896
48540,2009,22375
48640,2009,1295
48750,2009,4442
48830,2009,11315
49399,2009,4327
50080,2009,34164
50210,2009,58508
50250,2009,9004
50280,2009,11766
50350,2009,14626
50420,2009,64192
50490,2009,35204
50560,2009,1643
50630,2009,1910
50770,2009,1591
50840,2009,4286
50910,2009,1007
50980,2009,15172
51080,2009,1198
51120,2009,988
51190,2009,31993
51260,2009,29596
51310,2009,26018
51330,2009,87242
51400,2009,13274
51470,2009,641
51540,2009,5972
51610,2009,1141
51680,2009,4209
51710,2009,1944
51750,2009,9716
51820,2009,88935
51860,2009,565
51890,2009,9122
51960,2009,4047
52030,2009,1146
52100,2009,1146
52170,2009,8059
52240,2009,1113
52310,2009,851
52380,2009,303
52450,2009,1297
52520,2009,1330
52590,2009,3203
52660,2009,12144
52730,2009,5153
52800,2009,8698
52870,2009,5245
52940,2009,725
53010,2009,637
53080,2009,1162
53150,2009,7244
53220,2009,10753
53290,2009,13721
53360,2009,2317
53430,2009,27607
53570,2009,4768
53640,2009,1358
53710,2009,1005
53780,2009,105782
53800,2009,37512
53920,2009,3867
53990,2009,22624
54060,2009,3509
54130,2009,1107
54170,2009,159156
54200,2009,54487
54280,2009,31474
54310,2009,21996
54340,2009,4293
54410,2009,1209
54480,2009,560
54550,2009,2069
54620,2009,1043
54690,2009,448
54760,2009,855
54830,2009,28047
54900,2009,1415
54970,2009,1072
55040,2009,2136
55110,2009,68218
55180,2009,9623
55250,2009,1321
55320,2009,99882
55390,2009,351
55460,2009,3348
55530,2009,476
55600,2009,2537
55670,2009,879
55740,2009,9082
55810,2009,669
55880,2009,581
55950,2009,537
56090,2009,37466
56160,2009,112
56230,2009,14144
56300,2009,1296
56370,2009,846
56460,2009,5282
56580,2009,21707
56620,2009,1494
56730,2009,10553
56790,2009,3309
56860,2009,238
56930,2009,1633
57000,2009,773
57080,2009,19898
57140,2009,1209
57210,2009,4974
57280,2009,14825
57350,2009,1080
57420,2009,2171
57490,2009,100639
57630,2009,113
57700,2009,16487
57770,2009,883
57840,2009,42925
57910,2009,200137
57980,2009,15570
58050,2009,106847
58190,2009,422
58260,2009,663
58330,2009,4450
58400,2009,370
58470,2009,262
58510,2009,32751
58540,2009,940
58570,2009,32000
58610,2009,1910
58680,2009,417
58760,2009,145855
58820,2009,3660
58890,2009,883
59030,2009,265
59100,2009,759
59170,2009,929
59250,2009,1009
59310,2009,1439
59320,2009,430
59330,2009,531
59340,2009,8066
59350,2009,351
59360,2009,1602
59370,2009,3360
60210,2009,6401
60410,2009,15192
60610,2009,20005
60810,2009,22179
61010,2009,2357
61210,2009,8374
61410,2009,51765
61510,2009,9861
61610,2009,25658
61810,2009,7202
62010,2009,849
62210,2009,6829
62410,2009,4463
62610,2009,44947
62810,2009,49917
63010,2009,15392
63210,2009,6301
63410,2009,1672
63610,2009,33431
63810,2009,9694
64010,2009,66452
64210,2009,19477
64610,2009,12638
64810,2009,12934
65010,2009,6141
65210,2009,2400
65410,2009,14295
65610,2009,5107
65810,2009,22420
70200,2009,28068
70420,2009,7842
70540,2009,203
70620,2009,4360
70700,2009,1262
71000,2009,76775
71150,2009,0
71300,2009,10054
72200,2009,10345
72300,2009,19203
72330,2009,6732
72800,2009,29313
73600,2009,6936
74050,2009,2777
74550,2009,3421
74560,2009,383
74660,2009,6888
74680,2009,3319
79399,2009,8146
89399,2009,354785
99399,2009,367
10050,2010,49222
10180,2010,28409
10250,2010,40571
10300,2010,2381
10470,2010,39484
10500,2010,144295
10550,2010,32962
10600,2010,12891
10650,2010,8291
10750,2010,306601
10800,2010,6049
10850,2010,7143
10900,2010,78227
10950,2010,3013
11150,2010,3033
11200,2010,1878
11250,2010,19267
11300,2010,33835
11350,2010,30664
11400,2010,13071
11450,2010,56848
11500,2010,150316
11520,2010,77709
11570,2010,332118
11600,2010,2732
11650,2010,320361
11700,2010,2045
11720,2010,51304
11730,2010,50993
11750,2010,4844
11800,2010,70373
12000,2010,4216
12150,2010,4224
12160,2010,11274
12350,2010,12533
12380,2010,199981
12390,2010,48949
12700,2010,8457
12730,2010,8973
12750,2010,36807
12850,2010,195174
12870,2010,12520
12900,2010,9495
12930,2010,140040
12950,2010,4529
13010,2010,8939
13310,2010,28083
13340,2010,10060
13450,2010,25264
13550,2010,12344
13660,2010,5131
13800,2010,63982
13850,2010,3153
13910,2010,18639
14000,2010,142549
14100,2010,13854
14170,2010,178395
14220,2010,17591
14300,2010,6105
14350,2010,28960
14400,2010,20522
14500,2010,112643
14550,2010,9544
14600,2010,6765
14650,2010,195263
14700,2010,32803
14750,2010,11432
14850,2010,44190
14870,2010,20732
14900,2010,184910
14920,2010,7738
14950,2010,3133
15050,2010,68561
15240,2010,87948
15270,2010,22774
15300,2010,14032
15350,2010,29131
15520,2010,11259
15560,2010,3948
15650,2010,16108
15700,2010,19140
15750,2010,13394
15800,2010,6105
15850,2010,6815
15900,2010,153483
15950,2010,65850
15990,2010,248250
16100,2010,5207
16150,2010,38660
16200,2010,14984
16260,2010,199575
16350,2010,182948
16380,2010,74460
16400,2010,66447
16490,2010,54250
16550,2010,136006
16610,2010,22597
16700,2010,107319
16900,2010,65597
16950,2010,95154
17000,2010,23335
17040,2010,20335
17080,2010,14728
17100,2010,37002
17150,2010,220060
17200,2010,180748
17310,2010,57650
17350,2010,5951
17400,2010,6941
17420,2010,146247
17550,2010,87722
17620,2010,13983
17640,2010,7379
17650,2010,6198
17750,2010,61503
17850,2010,3137
17900,2010,6908
17950,2010,2840
18020,2010,9921
18050,2010,68082
18100,2010,3733
18200,2010,6910
18250,2010,70256
18350,2010,45761
18400,2010,43828
18450,2010,200468
18500,2010,55497
18710,2010,15227
19399,2010,1114
20110,2010,12089
20260,2010,11337
20570,2010,93359
20660,2010,122780
20740,2010,29474
20830,2010,42097
20910,2010,95594
21010,2010,13838
21110,2010,166326
21180,2010,188895
21270,2010,6622
21370,2010,36973
21450,2010,71830
21610,2010,254471
21670,2010,12600
21750,2010,20855
21830,2010,16563
21890,2010,141780
22110,2010,42385
22170,2010,129052
22250,2010,10692
22310,2010,136515
22410,2010,19949
22490,2010,18441
22620,2010,100506
22670,2010,140212
22750,2010,212585
22830,2010,61443
22910,2010,14561
22980,2010,5954
23110,2010,87192
23190,2010,19390
23270,2010,170952
23350,2010,15287
23430,2010,147407
23670,2010,154643
23810,2010,73082
23940,2010,7653
24130,2010,42223
24210,2010,116656
24250,2010,7870
24330,2010,73613
24410,2010,106677
24600,2010,97623
24650,2010,106848
24700,2010,152261
24780,2010,51625
24850,2010,33892
24900,2010,28331
24970,2010,175731
25060,2010,111363
25150,2010,28047
25340,2010,148542
25430,2010,17806
25490,2010,16082
25620,2010,13318
25710,2010,62838
25810,2010,12113
25900,2010,96375
25990,2010,6748
26080,2010,3059
26170,2010,27173
26260,2010,16705
26350,2010,98728
26430,2010,9598
26490,2010,25861
26610,2010,20982
26670,2010,6004
26700,2010,27200
26730,2010,32370
26810,2010,41803
26890,2010,4373
26980,2010,157058
27070,2010,152709
27170,2010,35287
27260,2010,155251
27350,2010,78430
27450,2010,148473
27630,2010,7312
29399,2010,759
30250,2010,1365
30300,2010,4833
30370,2010,14855
30410,2010,3295
30450,2010,360
30760,2010,2216
30900,2010,485
31000,2010,1073144
31750,2010,405
31820,2010,91400
31900,2010,17786
31950,2010,549
32080,2010,148943
32250,2010,2182
32260,2010,28718
32270,2010,29082
32310,2010,12316
32330,2010,1245
32450,2010,3301
32500,2010,4135
32600,2010,319
32750,2010,293
32770,2010,1327
32810,2010,11146
33100,2010,923
33200,2010,1834
33220,2010,96618
33360,2010,57697
33430,2010,506135
33610,2010,10823
33620,2010,46366
33800,2010,11808
33830,2010,1011
33960,2010,167134
33980,2010,22658
34420,2010,1103
34530,2010,32906
34570,2010,552
34580,2010,35110
34590,2010,282189
34710,2010,4250
34770,2010,113669
34800,2010,1044
34830,2010,276
34860,2010,13286
34880,2010,20495
35010,2010,381357
35250,2010,1184
35300,2010,21830
35600,2010,4714
35670,2010,910
35740,2010,50770
35760,2010,10358
35780,2010,2391
35790,2010,2430
35800,2010,1924
36070,2010,691
36150,2010,1003
36250,2010,141552
36300,2010,873
36370,2010,78193
36510,2010,37167
36580,2010,21717
36630,2010,31518
36660,2010,34313
36720,2010,263053
36820,2010,24230
36910,2010,154222
36950,2010,3485
36960,2010,4600
37010,2010,176528
37300,2010,3337
37310,2010,31466
37340,2010,32140
37400,2010,1359
37550,2010,957
37570,2010,297
37600,2010,2588
40070,2010,20525
40120,2010,39640
40150,2010,8417
40220,2010,23729
40250,2010,2560
40310,2010,22257
40430,2010,2535
40520,2010,10819
40700,2010,44091
40910,2010,49531
41010,2010,3638
41060,2010,107662
41140,2010,8759
41190,2010,1852
41330,2010,1781
41560,2010,13033
41750,2010,1086
41830,2010,1728
41960,2010,1250
42030,2010,20939
42110,2010,4246
42250,2010,7917
42600,2010,35940
42750,2010,4501
43080,2010,1076
43220,2010,1108
43360,2010,2363
43650,2010,13788
43710,2010,4911
43790,2010,11561
44000,2010,80
44060,2010,85110
44210,2010,8200
44340,2010,64875
44550,2010,29973
44620,2010,25712
44830,2010,2903
45040,2010,19818
45090,2010,8314
45120,2010,4603
45290,2010,36190
45340,2010,161579
45400,2010,893
45540,2010,1792
45680,2010,78623
45890,2010,114488
46090,2010,14438
46300,2010,14432
46450,2010,17680
46510,2010,20722
46670,2010,9519
46860,2010,1431
46970,2010,4735
47140,2010,131227
47290,2010,2137
47490,2010,2157
47630,2010,6815
47700,2010,98624
47800,2010,5667
47910,2010,2618
47980,2010,38331
48050,2010,13866
48130,2010,6692
48260,2010,7290
48340,2010,11990
48410,2010,56611
48540,2010,22497
48640,2010,1291
48750,2010,4448
48830,2010,11252
49399,2010,4456
50080,2010,34518
50210,2010,61858
50250,2010,9510
50280,2010,11951
50350,2010,14897
50420,2010,65369
50490,2010,36101
50560,2010,1619
50630,2010,2138
50770,2010,1592
50840,2010,4337
50910,2010,995
50980,2010,15416
51080,2010,1177
51120,2010,991
51190,2010,32257
51260,2010,30664
51310,2010,26244
51330,2010,88746
51400,2010,14192
51470,2010,604
51540,2010,5997
51610,2010,1160
51680,2010,4394
51710,2010,2115
51750,2010,9783
51820,2010,91628
51860,2010,565
51890,2010,9218
51960,2010,4080
52030,2010,1126
52100,2010,1126
52170,2010,8106
52240,2010,1089
52310,2010,873
52380,2010,287
52450,2010,1322
52520,2010,1333
52590,2010,3268
52660,2010,12531
52730,2010,5248
52800,2010,8826
52870,2010,5349
52940,2010,698
53010,2010,626
53080,2010,1160
53150,2010,7270
53220,2010,11522
53290,2010,13799
53360,2010,2364
53430,2010,27957
53570,2010,4786
53640,2010,1333
53710,2010,1019
53780,2010,109250
53800,2010,37860
53920,2010,3874
53990,2010,23230
54060,2010,3569
54130,2010,1101
54170,2010,160053
54200,2010,55572
54280,2010,31750
54310,2010,22628
54340,2010,4285
54410,2010,1207
54480,2010,529
54550,2010,2034
54620,2010,1060
54690,2010,450
54760,2010,854
54830,2010,29132
54900,2010,1407
54970,2010,1177
55040,2010,2452
55110,2010,69969
55180,2010,9564
55250,2010,1359
55320,2010,100764
55390,2010,378
55460,2010,3354
55530,2010,477
55600,2010,2534
55670,2010,886
55740,2010,9164
55810,2010,653
55880,2010,530
55950,2010,509
56090,2010,37883
56160,2010,114
56230,2010,14586
56300,2010,1301
56370,2010,836
56460,2010,5246
56580,2010,21694
56620,2010,1508
56730,2010,10670
56790,2010,3298
56860,2010,234
56930,2010,1627
57000,2010,852
57080,2010,20764
57140,2010,1215
57210,2010,4978
57280,2010,15252
57350,2010,1074
57420,2010,2158
57490,2010,104922
57630,2010,110
57700,2010,17201
57770,2010,883
57840,2010,42987
57910,2010,203918
57980,2010,15710
58050,2010,109618
58190,2010,418
58260,2010,646
58330,2010,4493
58400,2010,359
58470,2010,263
58510,2010,33603
58540,2010,931
58570,2010,32748
58610,2010,1908
58680,2010,438
58760,2010,152746
58820,2010,3687
58890,2010,888
59030,2010,278
59100,2010,761
59170,2010,935
59250,2010,1095
59310,2010,1455
59320,2010,427
59330,2010,526
59340,2010,8111
59350,2010,377
59360,2010,1634
59370,2010,3410
60210,2010,6446
60410,2010,15562
60610,2010,20073
60810,2010,22291
61010,2010,2353
61210,2010,8368
61410,2010,52396
61510,2010,9895
61610,2010,25712
61810,2010,7177
62010,2010,839
62210,2010,6872
62410,2010,4449
62610,2010,45244
62810,2010,50291
63010,2010,15680
63210,2010,6364
63410,2010,1656
63610,2010,34124
63810,2010,10063
64010,2010,66864
64210,2010,19588
64610,2010,12675
64810,2010,13170
65010,2010,6246
65210,2010,2432
65410,2010,14312
65610,2010,5058
65810,2010,22647
70200,2010,28397
70420,2010,7863
70540,2010,207
70620,2010,4337
70700,2010,1274
71000,2010,77886
71150,2010,169
71300,2010,10305
72200,2010,10467
72300,2010,19863
72330,2010,6737
72800,2010,29904
73600,2010,7044
74050,2010,2900
74550,2010,3381
74560,2010,399
74660,2010,7040
74680,2010,3425
79399,2010,8180
89399,2010,361766
99399,2010,375
10050,2011,49451
10180,2011,28573
10250,2011,40747
10300,2011,2353
10470,2011,39960
10500,2011,144985
10550,2011,33128
10600,2011,12923
10650,2011,8297
10750,2011,312346
10800,2011,6021
10850,2011,7217
10900,2011,78553
10950,2011,3009
11150,2011,3053
11200,2011,1874
11250,2011,19151
11300,2011,34176
11350,2011,30712
11400,2011,13211
11450,2011,58440
11500,2011,151172
11520,2011,80065
11570,2011,335940
11600,2011,2681
11650,2011,322657
11700,2011,2059
11720,2011,52485
11730,2011,51287
11750,2011,4782
11800,2011,70972
12000,2011,4236
12150,2011,4226
12160,2011,11308
12350,2011,12523
12380,2011,203181
12390,2011,49079
12700,2011,8556
12730,2011,8888
12750,2011,37082
12850,2011,196479
12870,2011,12509
12900,2011,9469
12930,2011,141726
12950,2011,4515
13010,2011,8911
13310,2011,28363
13340,2011,10072
13450,2011,25395
13550,2011,12519
13660,2011,5102
13800,2011,64353
13850,2011,3085
13910,2011,18793
14000,2011,143273
14100,2011,13897
14170,2011,180301
14220,2011,17689
14300,2011,6132
14350,2011,29128
14400,2011,20806
14500,2011,114604
14550,2011,9537
14600,2011,6802
14650,2011,196811
14700,2011,33233
14750,2011,11406
14850,2011,44348
14870,2011,20850
14900,2011,188088
14920,2011,7761
14950,2011,3098
15050,2011,69924
15240,2011,88818
15270,2011,23020
15300,2011,14043
15350,2011,29351
15520,2011,11257
15560,2011,3888
15650,2011,16328
15700,2011,19235
15750,2011,13438
15800,2011,6115
15850,2011,6832
15900,2011,155550
15950,2011,66747
15990,2011,251696
16100,2011,5209
16150,2011,39419
16200,2011,15083
16260,2011,203205
16350,2011,184589
16380,2011,75232
16400,2011,67214
16490,2011,54844
16550,2011,137792
16610,2011,22717
16700,2011,108712
16900,2011,66218
16950,2011,96203
17000,2011,23523
17040,2011,20386
17080,2011,14756
17100,2011,37239
17150,2011,220250
17200,2011,183281
17310,2011,58228
17350,2011,5953
17400,2011,6990
17420,2011,147779
17550,2011,88437
17620,2011,14206
17640,2011,7422
17650,2011,6241
17750,2011,61781
17850,2011,3119
17900,2011,6797
17950,2011,2862
18020,2011,9898
18050,2011,68698
18100,2011,3759
18200,2011,6837
18250,2011,71139
18350,2011,46126
18400,2011,44607
18450,2011,202068
18500,2011,56320
18710,2011,15615
19399,2011,1119
20110,2011,12068
20260,2011,11326
20570,2011,95185
20660,2011,122983
20740,2011,30233
20830,2011,43389
20910,2011,96119
21010,2011,13818
21110,2011,167062
21180,2011,191496
21270,2011,6465
21370,2011,36855
21450,2011,75831
21610,2011,261282
21670,2011,12579
21750,2011,20799
21830,2011,16526
21890,2011,142942
22110,2011,42826
22170,2011,130350
22250,2011,10453
22310,2011,137152
22410,2011,19848
22490,2011,18958
22620,2011,101995
22670,2011,142167
22750,2011,215837
22830,2011,61744
22910,2011,14629
22980,2011,5856
23110,2011,87395
23190,2011,19523
23270,2011,174290
23350,2011,15317
23430,2011,148304
23670,2011,154625
23810,2011,73788
23940,2011,7546
24130,2011,42883
24210,2011,116750
24250,2011,7942
24330,2011,75154
24410,2011,107323
24600,2011,100240
24650,2011,112643
24700,2011,154247
24780,2011,51822
24850,2011,35105
24900,2011,28406
24970,2011,177345
25060,2011,112180
25150,2011,28670
25340,2011,149271
25430,2011,17872
25490,2011,16167
25620,2011,13335
25710,2011,62716
25810,2011,12054
25900,2011,97276
25990,2011,6759
26080,2011,3061
26170,2011,27512
26260,2011,16571
26350,2011,98853
26430,2011,9598
26490,2011,26666
26610,2011,20865
26670,2011,5918
26700,2011,27212
26730,2011,32667
26810,2011,42068
26890,2011,4287
26980,2011,157538
27070,2011,160800
27170,2011,36025
27260,2011,166699
27350,2011,78903
27450,2011,148901
27630,2011,7183
29399,2011,769
30250,2011,1398
30300,2011,4862
30370,2011,14812
30410,2011,3292
30450,2011,363
30760,2011,2257
30900,2011,493
31000,2011,1089879
31750,2011,418
31820,2011,92063
31900,2011,17775
31950,2011,557
32080,2011,150992
32250,2011,2197
32260,2011,28636
32270,2011,29541
32310,2011,12434
32330,2011,1264
32450,2011,3342
32500,2011,4409
32600,2011,327
32750,2011,292
32770,2011,1374
32810,2011,11186
33100,2011,929
33200,2011,1840
33220,2011,97661
33360,2011,59461
33430,2011,515202
33610,2011,10900
33620,2011,46837
33800,2011,11817
33830,2011,1052
33960,2011,172200
33980,2011,23188
34420,2011,1112
34530,2011,33394
34570,2011,520
34580,2011,35880
34590,2011,287474
34710,2011,4296
34770,2011,115960
34800,2011,1085
34830,2011,281
34860,2011,13437
34880,2011,20745
35010,2011,390051
35250,2011,1220
35300,2011,22079
35600,2011,4731
35670,2011,908
35740,2011,51038
35760,2011,10374
35780,2011,2463
35790,2011,2538
35800,2011,1937
36070,2011,715
36150,2011,1007
36250,2011,143711
36300,2011,847
36370,2011,78939
36510,2011,37437
36580,2011,22200
36630,2011,31803
36660,2011,34649
36720,2011,267241
36820,2011,24372
36910,2011,155473
36950,2011,3477
36960,2011,4578
37010,2011,180114
37300,2011,3423
37310,2011,32365
37340,2011,32416
37400,2011,1380
37550,2011,976
37570,2011,287
37600,2011,2595
40070,2011,20920
40120,2011,39699
40150,2011,8483
40220,2011,24125
40250,2011,2660
40310,2011,22525
40430,2011,2496
40520,2011,10733
40700,2011,44092
40910,2011,49788
41010,2011,3595
41060,2011,108680
41140,2011,8871
41190,2011,1814
41330,2011,1760
41560,2011,13126
41750,2011,1066
41830,2011,1722
41960,2011,1238
42030,2011,20987
42110,2011,4225
42250,2011,7954
42600,2011,36120
42750,2011,4522
43080,2011,1050
43220,2011,1105
43360,2011,2343
43650,2011,13984
43710,2011,5013
43790,2011,11478
44000,2011,75
44060,2011,85714
44210,2011,8225
44340,2011,64999
44550,2011,30353
44620,2011,25773
44830,2011,2906
45040,2011,20137
45090,2011,8342
45120,2011,4568
45290,2011,36291
45340,2011,163392
45400,2011,884
45540,2011,1758
45680,2011,80684
45890,2011,116492
46090,2011,14413
46300,2011,14462
46450,2011,17627
46510,2011,20690
46670,2011,9429
46860,2011,1431
46970,2011,4826
47140,2011,132880
47290,2011,2123
47490,2011,2175
47630,2011,6740
47700,2011,98315
47800,2011,5657
47910,2011,2616
47980,2011,38374
48050,2011,14176
48130,2011,6741
48260,2011,7308
48340,2011,11792
48410,2011,57026
48540,2011,22561
48640,2011,1280
48750,2011,4451
48830,2011,11198
49399,2011,4556
50080,2011,34873
50210,2011,65395
50250,2011,10227
50280,2011,12228
50350,2011,15179
50420,2011,66840
50490,2011,37358
50560,2011,1604
50630,2011,2247
50770,2011,1617
50840,2011,4421
50910,2011,969
50980,2011,15737
51080,2011,1178
51120,2011,1002
51190,2011,32580
51260,2011,31523
51310,2011,26652
51330,2011,90736
51400,2011,15059
51470,2011,554
51540,2011,6076
51610,2011,1198
51680,2011,4533
51710,2011,2167
51750,2011,9924
51820,2011,95036
51860,2011,561
51890,2011,9343
51960,2011,4138
52030,2011,1091
52100,2011,1104
52170,2011,8236
52240,2011,1110
52310,2011,891
52380,2011,279
52450,2011,1347
52520,2011,1303
52590,2011,3292
52660,2011,12852
52730,2011,5373
52800,2011,8966
52870,2011,5462
52940,2011,700
53010,2011,626
53080,2011,1184
53150,2011,7443
53220,2011,12257
53290,2011,13879
53360,2011,2458
53430,2011,28651
53570,2011,4822
53640,2011,1307
53710,2011,1017
53780,2011,112435
53800,2011,38340
53920,2011,3893
53990,2011,23878
54060,2011,3672
54130,2011,1091
54170,2011,162205
54200,2011,56492
54280,2011,32208
54310,2011,23634
54340,2011,4290
54410,2011,1211
54480,2011,529
54550,2011,2030
54620,2011,1068
54690,2011,448
54760,2011,855
54830,2011,30697
54900,2011,1405
54970,2011,1288
55040,2011,2628
55110,2011,73440
55180,2011,9463
55250,2011,1424
55320,2011,102135
55390,2011,402
55460,2011,3374
55530,2011,489
55600,2011,2556
55670,2011,911
55740,2011,9199
55810,2011,666
55880,2011,493
55950,2011,502
56090,2011,38364
56160,2011,119
56230,2011,14773
56300,2011,1304
56370,2011,839
56460,2011,5260
56580,2011,21965
56620,2011,1508
56730,2011,10830
56790,2011,3281
56860,2011,236
56930,2011,1629
57000,2011,930
57080,2011,21416
57140,2011,1209
57210,2011,5032
57280,2011,15659
57350,2011,1073
57420,2011,2187
57490,2011,109415
57630,2011,109
57700,2011,18495
57770,2011,887
57840,2011,43618
57910,2011,209043
57980,2011,15873
58050,2011,112802
58190,2011,415
58260,2011,633
58330,2011,4529
58400,2011,355
58470,2011,253
58510,2011,34718
58540,2011,926
58570,2011,33857
58610,2011,1901
58680,2011,453
58760,2011,160281
58820,2011,3720
58890,2011,901
59030,2011,282
59100,2011,767
59170,2011,940
59250,2011,1198
59310,2011,1478
59320,2011,427
59330,2011,542
59340,2011,8195
59350,2011,417
59360,2011,1675
59370,2011,3462
60210,2011,6469
60410,2011,15685
60610,2011,20164
60810,2011,22332
61010,2011,2357
61210,2011,8361
61410,2011,52825
61510,2011,9946
61610,2011,25752
61810,2011,7158
62010,2011,809
62210,2011,6857
62410,2011,4419
62610,2011,45402
62810,2011,50482
63010,2011,15905
63210,2011,6369
63410,2011,1637
63610,2011,34693
63810,2011,10275
64010,2011,67154
64210,2011,19622
64610,2011,12729
64810,2011,13346
65010,2011,6265
65210,2011,2443
65410,2011,14304
65610,2011,4890
65810,2011,22833
70200,2011,28489
70420,2011,7838
70540,2011,207
70620,2011,4287
70700,2011,1275
71000,2011,78467
71150,2011,238
71300,2011,10466
72200,2011,10488
72300,2011,20218
72330,2011,6710
72800,2011,30178
73600,2011,7042
74050,2011,2970
74550,2011,3321
74560,2011,420
74660,2011,7133
74680,2011,3505
79399,2011,8040
89399,2011,367985
99399,2011,389
10050,2012,49785
10180,2012,28748
10250,2012,41118
10300,2012,2363
10470,2012,40301
10500,2012,148028
10550,2012,33288
10600,2012,12909
10650,2012,8365
10750,2012,317735
10800,2012,6034
10850,2012,7274
10900,2012,78532
10950,2012,2982
11150,2012,2998
11200,2012,1821
11250,2012,18985
11300,2012,35095
11350,2012,31210
11400,2012,13322
11450,2012,61128
11500,2012,152451
11520,2012,82636
11570,2012,340387
11600,2012,2668
11650,2012,325163
11700,2012,2015
11720,2012,53318
11730,2012,51350
11750,2012,4759
11800,2012,71564
12000,2012,4278
12150,2012,4194
12160,2012,11312
12350,2012,12529
12380,2012,207528
12390,2012,49397
12700,2012,8657
12730,2012,8913
12750,2012,37141
12850,2012,198106
12870,2012,12510
12900,2012,9529
12930,2012,144159
12950,2012,4464
13010,2012,8905
13310,2012,28730
13340,2012,10161
13450,2012,25614
13550,2012,12514
13660,2012,5172
13800,2012,64670
13850,2012,3029
13910,2012,18807
14000,2012,143754
14100,2012,14070
14170,2012,182041
14220,2012,17702
14300,2012,6135
14350,2012,29223
14400,2012,21004
14500,2012,116339
14550,2012,9416
14600,2012,6749
14650,2012,197693
14700,2012,33728
14750,2012,11430
14850,2012,44388
14870,2012,21000
14900,2012,191799
14920,2012,7786
14950,2012,3085
15050,2012,72012
15240,2012,89308
15270,2012,23343
15300,2012,13980
15350,2012,29481
15520,2012,11382
15560,2012,3882
15650,2012,16398
15700,2012,19310
15750,2012,13433
15800,2012,6086
15850,2012,6795
15900,2012,156451
15950,2012,67630
15990,2012,254115
16100,2012,5235
16150,2012,39769
16200,2012,15048
16260,2012,208182
16350,2012,187281
16380,2012,76271
16400,2012,68012
16490,2012,55408
16550,2012,139836
16610,2012,22848
16700,2012,111156
16900,2012,66840
16950,2012,97166
17000,2012,23548
17040,2012,20403
17080,2012,14741
17100,2012,37968
17150,2012,221220
17200,2012,189543
17310,2012,58699
17350,2012,6002
17400,2012,6925
17420,2012,149939
17550,2012,89266
17620,2012,14388
17640,2012,7571
17650,2012,6244
17750,2012,62104
17850,2012,3143
17900,2012,6701
17950,2012,2857
18020,2012,9849
18050,2012,69294
18100,2012,3738
18200,2012,6847
18250,2012,72119
18350,2012,46467
18400,2012,45439
18450,2012,203045
18500,2012,56601
18710,2012,15808
19399,2012,1124
20110,2012,12183
20260,2012,11400
20570,2012,96728
20660,2012,123584
20740,2012,30811
20830,2012,44506
20910,2012,96971
21010,2012,13849
21110,2012,168483
21180,2012,193774
21270,2012,6434
21370,2012,37041
21450,2012,80422
21610,2012,269240
21670,2012,12714
21750,2012,20902
21830,2012,16470
21890,2012,144986
22110,2012,43329
22170,2012,132194
22250,2012,10498
22310,2012,139116
22410,2012,19825
22490,2012,19604
22620,2012,103905
22670,2012,145116
22750,2012,219152
22830,2012,62562
22910,2012,14825
22980,2012,5857
23110,2012,88339
23190,2012,19608
23270,2012,179202
23350,2012,15454
23430,2012,150435
23670,2012,155406
23810,2012,74004
23940,2012,7529
24130,2012,43794
24210,2012,117440
24250,2012,8097
24330,2012,77179
24410,2012,108434
24600,2012,107578
24650,2012,118329
24700,2012,156967
24780,2012,52475
24850,2012,36384
24900,2012,28675
24970,2012,180312
25060,2012,113673
25150,2012,29363
25340,2012,151700
25430,2012,18053
25490,2012,16304
25620,2012,13456
25710,2012,62935
25810,2012,11970
25900,2012,99893
25990,2012,6860
26080,2012,3057
26170,2012,27926
26260,2012,16461
26350,2012,101410
26430,2012,9744
26490,2012,27530
26610,2012,20971
26670,2012,5940
26700,2012,27438
26730,2012,33059
26810,2012,42445
26890,2012,4214
26980,2012,159661
27070,2012,169993
27170,2012,36758
27260,2012,179131
27350,2012,81268
27450,2012,149864
27630,2012,7095
29399,2012,797
30250,2012,1372
30300,2012,4787
30370,2012,14852
30410,2012,3249
30450,2012,348
30760,2012,2236
30900,2012,486
31000,2012,1111798
31750,2012,410
31820,2012,93293
31900,2012,17862
31950,2012,551
32080,2012,154041
32250,2012,2170
32260,2012,28880
32270,2012,29741
32310,2012,12403
32330,2012,1283
32450,2012,3359
32500,2012,4205
32600,2012,317
32750,2012,295
32770,2012,1368
32810,2012,11380
33100,2012,897
33200,2012,1795
33220,2012,99021
33360,2012,60521
33430,2012,528342
33610,2012,10944
33620,2012,47786
33800,2012,11763
33830,2012,1059
33960,2012,178215
33980,2012,23344
34420,2012,1078
34530,2012,34381
34570,2012,579
34580,2012,36547
34590,2012,293974
34710,2012,4217
34770,2012,117495
34800,2012,1041
34830,2012,290
34860,2012,13424
34880,2012,20953
35010,2012,401188
35250,2012,1218
35300,2012,21958
35600,2012,4737
35670,2012,919
35740,2012,51678
35760,2012,10408
35780,2012,2547
35790,2012,2539
35800,2012,1903
36070,2012,730
36150,2012,983
36250,2012,145719
36300,2012,841
36370,2012,80555
36510,2012,37966
36580,2012,22761
36630,2012,32340
36660,2012,35013
36720,2012,274828
36820,2012,24603
36910,2012,157884
36950,2012,3567
36960,2012,4599
37010,2012,183612
37300,2012,3684
37310,2012,32899
37340,2012,33397
37400,2012,1345
37550,2012,984
37570,2012,287
37600,2012,2643
40070,2012,21537
40120,2012,39720
40150,2012,8576
40220,2012,24693
40250,2012,2651
40310,2012,22853
40430,2012,2488
40520,2012,10779
40700,2012,44282
40910,2012,50244
41010,2012,3594
41060,2012,110050
41140,2012,8963
41190,2012,1806
41330,2012,1787
41560,2012,13466
41750,2012,1066
41830,2012,1721
41960,2012,1281
42030,2012,21274
42110,2012,4245
42250,2012,7946
42600,2012,36215
42750,2012,4576
43080,2012,1074
43220,2012,1109
43360,2012,2370
43650,2012,14220
43710,2012,5186
43790,2012,11511
44000,2012,78
44060,2012,86863
44210,2012,8312
44340,2012,65364
44550,2012,31042
44620,2012,26147
44830,2012,2902
45040,2012,20448
45090,2012,8433
45120,2012,4590
45290,2012,36343
45340,2012,165034
45400,2012,894
45540,2012,1740
45680,2012,83022
45890,2012,118185
46090,2012,14454
46300,2012,14495
46450,2012,17714
46510,2012,20842
46670,2012,9518
46860,2012,1427
46970,2012,4728
47140,2012,134381
47290,2012,2107
47490,2012,2170
47630,2012,6774
47700,2012,98547
47800,2012,5632
47910,2012,2626
47980,2012,38514
48050,2012,14377
48130,2012,6778
48260,2012,7367
48340,2012,11880
48410,2012,57632
48540,2012,22617
48640,2012,1271
48750,2012,4586
48830,2012,11231
49399,2012,4377
50080,2012,35643
50210,2012,69101
50250,2012,11194
50280,2012,12870
50350,2012,15527
50420,2012,68143
50490,2012,38791
50560,2012,1653
50630,2012,2252
50770,2012,1656
50840,2012,4546
50910,2012,992
50980,2012,16389
51080,2012,1185
51120,2012,988
51190,2012,32826
51260,2012,33211
51310,2012,27244
51330,2012,92197
51400,2012,15759
51470,2012,561
51540,2012,6057
51610,2012,1293
51680,2012,4798
51710,2012,2107
51750,2012,9999
51820,2012,99157
51860,2012,546
51890,2012,9426
51960,2012,4142
52030,2012,1098
52100,2012,1124
52170,2012,8328
52240,2012,1119
52310,2012,896
52380,2012,276
52450,2012,1373
52520,2012,1342
52590,2012,3341
52660,2012,13387
52730,2012,5593
52800,2012,9336
52870,2012,5628
52940,2012,703
53010,2012,641
53080,2012,1134
53150,2012,7602
53220,2012,12519
53290,2012,14182
53360,2012,2569
53430,2012,29562
53570,2012,4994
53640,2012,1302
53710,2012,1030
53780,2012,116208
53800,2012,39084
53920,2012,3850
53990,2012,24839
54060,2012,3738
54130,2012,1102
54170,2012,163581
54200,2012,57669
54280,2012,32849
54310,2012,24042
54340,2012,4368
54410,2012,1236
54480,2012,540
54550,2012,2042
54620,2012,1033
54690,2012,447
54760,2012,849
54830,2012,32688
54900,2012,1399
54970,2012,1410
55040,2012,2566
55110,2012,76562
55180,2012,9480
55250,2012,1437
55320,2012,103569
55390,2012,450
55460,2012,3395
55530,2012,488
55600,2012,2548
55670,2012,892
55740,2012,9196
55810,2012,669
55880,2012,507
55950,2012,528
56090,2012,39064
56160,2012,133
56230,2012,15475
56300,2012,1326
56370,2012,836
56460,2012,5306
56580,2012,22423
56620,2012,1591
56730,2012,11169
56790,2012,3371
56860,2012,246
56930,2012,1688
57000,2012,880
57080,2012,23066
57140,2012,1206
57210,2012,5118
57280,2012,15851
57350,2012,1072
57420,2012,2154
57490,2012,114412
57630,2012,111
57700,2012,20368
57770,2012,914
57840,2012,44099
57910,2012,214240
57980,2012,16159
58050,2012,118335
58190,2012,414
58260,2012,637
58330,2012,4612
58400,2012,362
58470,2012,260
58510,2012,35599
58540,2012,934
58570,2012,34733
58610,2012,1924
58680,2012,459
58760,2012,168832
58820,2012,3820
58890,2012,893
59030,2012,293
59100,2012,771
59170,2012,967
59250,2012,1175
59310,2012,1483
59320,2012,435
59330,2012,539
59340,2012,8228
59350,2012,425
59360,2012,1612
59370,2012,3547
60210,2012,6413
60410,2012,15902
60610,2012,19981
60810,2012,22245
61010,2012,2321
61210,2012,8310
61410,2012,53214
61510,2012,9945
61610,2012,25562
61810,2012,7090
62010,2012,827
62210,2012,6831
62410,2012,4422
62610,2012,45555
62810,2012,50593
63010,2012,16006
63210,2012,6351
63410,2012,1624
63610,2012,35021
63810,2012,10343
64010,2012,66942
64210,2012,19581
64610,2012,12739
64810,2012,13515
65010,2012,6244
65210,2012,2436
65410,2012,14163
65610,2012,4750
65810,2012,22798
70200,2012,28355
70420,2012,7842
70540,2012,202
70620,2012,4322
70700,2012,1326
71000,2012,80437
71150,2012,262
71300,2012,10526
72200,2012,10639
72300,2012,21122
72330,2012,6823
72800,2012,31269
73600,2012,7141
74050,2012,2986
74550,2012,3334
74560,2012,438
74660,2012,7214
74680,2012,3546
79399,2012,8131
89399,2012,376539
99399,2012,380
10050,2013,50338
10180,2013,28895
10250,2013,41510
10300,2013,2381
10470,2013,40727
10500,2013,151309
10550,2013,33430
10600,2013,12920
10650,2013,8436
10750,2013,324797
10800,2013,6028
10850,2013,7303
10900,2013,78705
10950,2013,2926
11150,2013,2903
11200,2013,1830
11250,2013,18802
11300,2013,36145
11350,2013,31756
11400,2013,13473
11450,2013,64095
11500,2013,154346
11520,2013,85568
11570,2013,345692
11600,2013,2797
11650,2013,327745
11700,2013,1979
11720,2013,54303
11730,2013,51443
11750,2013,4740
11800,2013,72303
12000,2013,4328
12150,2013,4168
12160,2013,11313
12350,2013,12511
12380,2013,212450
12390,2013,49757
12700,2013,8791
12730,2013,8929
12750,2013,37270
12850,2013,200098
12870,2013,12508
12900,2013,9608
12930,2013,146604
12950,2013,4428
13010,2013,8909
13310,2013,29187
13340,2013,10220
13450,2013,25705
13550,2013,12481
13660,2013,5218
13800,2013,65145
13850,2013,3016
13910,2013,18783
14000,2013,144458
14100,2013,14242
14170,2013,184297
14220,2013,17715
14300,2013,6213
14350,2013,29284
14400,2013,21262
14500,2013,118195
14550,2013,9345
14600,2013,6681
14650,2013,198953
14700,2013,34261
14750,2013,11413
14850,2013,44408
14870,2013,21118
14900,2013,196122
14920,2013,7812
14950,2013,3096
15050,2013,73870
15240,2013,89940
15270,2013,23742
15300,2013,13925
15350,2013,29641
15520,2013,11515
15560,2013,3920
15650,2013,16415
15700,2013,19428
15750,2013,13489
15800,2013,6054
15850,2013,6761
15900,2013,157477
15950,2013,68666
15990,2013,257020
16100,2013,5300
16150,2013,40167
16200,2013,15022
16260,2013,214537
16350,2013,190527
16380,2013,77043
16400,2013,68750
16490,2013,55920
16550,2013,142459
16610,2013,22981
16700,2013,113547
16900,2013,67701
16950,2013,98097
17000,2013,23557
17040,2013,20433
17080,2013,14720
17100,2013,38918
17150,2013,222549
17200,2013,196318
17310,2013,59240
17350,2013,6055
17400,2013,6834
17420,2013,152429
17550,2013,90226
17620,2013,14514
17640,2013,7594
17650,2013,6253
17750,2013,62416
17850,2013,3150
17900,2013,6595
17950,2013,2836
18020,2013,9743
18050,2013,70052
18100,2013,3723
18200,2013,6848
18250,2013,73072
18350,2013,46964
18400,2013,46399
18450,2013,204707
18500,2013,56909
18710,2013,16010
19399,2013,1127
20110,2013,12283
20260,2013,11490
20570,2013,98344
20660,2013,124314
20740,2013,31331
20830,2013,45627
20910,2013,98252
21010,2013,13878
21110,2013,170485
21180,2013,196169
21270,2013,6388
21370,2013,37213
21450,2013,84591
21610,2013,278023
21670,2013,12815
21750,2013,21035
21830,2013,16410
21890,2013,147272
22110,2013,43809
22170,2013,134351
22250,2013,10526
22310,2013,141260
22410,2013,19797
22490,2013,20362
22620,2013,105957
22670,2013,148502
22750,2013,223357
22830,2013,63244
22910,2013,15022
22980,2013,5852
23110,2013,89188
23190,2013,19694
23270,2013,184873
23350,2013,15605
23430,2013,152336
23670,2013,156347
23810,2013,74124
23940,2013,7518
24130,2013,44595
24210,2013,118357
24250,2013,8276
24330,2013,79782
24410,2013,109781
24600,2013,118711
24650,2013,123936
24700,2013,160282
24780,2013,53156
24850,2013,37788
24900,2013,28905
24970,2013,183255
25060,2013,115464
25150,2013,30410
25340,2013,154001
25430,2013,18247
25490,2013,16431
25620,2013,13563
25710,2013,63174
25810,2013,11880
25900,2013,102156
25990,2013,6938
26080,2013,3002
26170,2013,28273
26260,2013,16355
26350,2013,103487
26430,2013,9867
26490,2013,28228
26610,2013,21003
26670,2013,5961
26700,2013,27650
26730,2013,33423
26810,2013,42721
26890,2013,4124
26980,2013,162081
27070,2013,179272
27170,2013,37575
27260,2013,190211
27350,2013,83962
27450,2013,150902
27630,2013,7032
29399,2013,808
30250,2013,1350
30300,2013,4776
30370,2013,14948
30410,2013,3232
30450,2013,333
30760,2013,2214
30900,2013,481
31000,2013,1131996
31750,2013,396
31820,2013,93850
31900,2013,17754
31950,2013,506
32080,2013,156764
32250,2013,2146
32260,2013,28950
32270,2013,29782
32310,2013,12391
32330,2013,1292
32450,2013,3327
32500,2013,4222
32600,2013,308
32750,2013,299
32770,2013,1400
32810,2013,11585
33100,2013,864
33200,2013,1754
33220,2013,100290
33360,2013,62158
33430,2013,540687
33610,2013,10952
33620,2013,48491
33800,2013,11613
33830,2013,1043
33960,2013,183688
33980,2013,23284
34420,2013,1042
34530,2013,35279
34570,2013,626
34580,2013,37682
34590,2013,300545
34710,2013,4104
34770,2013,118878
34800,2013,992
34830,2013,293
34860,2013,13515
34880,2013,21379
35010,2013,410687
35250,2013,1206
35300,2013,21822
35600,2013,4685
35670,2013,922
35740,2013,52360
35760,2013,10487
35780,2013,2620
35790,2013,2529
35800,2013,1849
36070,2013,737
36150,2013,944
36250,2013,147328
36300,2013,839
36370,2013,81745
36510,2013,38732
36580,2013,23619
36630,2013,32647
36660,2013,35501
36720,2013,281969
36820,2013,24827
36910,2013,159916
36950,2013,3647
36960,2013,4614
37010,2013,186519
37300,2013,3811
37310,2013,33415
37340,2013,34113
37400,2013,1312
37550,2013,986
37570,2013,289
37600,2013,2686
40070,2013,22143
40120,2013,39687
40150,2013,8646
40220,2013,25203
40250,2013,2622
40310,2013,23138
40430,2013,2495
40520,2013,10804
40700,2013,44457
40910,2013,50476
41010,2013,3574
41060,2013,111324
41140,2013,9068
41190,2013,1806
41330,2013,1811
41560,2013,13747
41750,2013,1067
41830,2013,1717
41960,2013,1295
42030,2013,21656
42110,2013,4254
42250,2013,7993
42600,2013,36282
42750,2013,4630
43080,2013,1088
43220,2013,1103
43360,2013,2380
43650,2013,14440
43710,2013,5300
43790,2013,11571
44000,2013,74
44060,2013,87769
44210,2013,8448
44340,2013,65644
44550,2013,31580
44620,2013,26425
44830,2013,2913
45040,2013,20726
45090,2013,8528
45120,2013,4595
45290,2013,36347
45340,2013,166244
45400,2013,895
45540,2013,1728
45680,2013,85232
45890,2013,119876
46090,2013,14496
46300,2013,14531
46450,2013,17793
46510,2013,20959
46670,2013,9588
46860,2013,1425
46970,2013,4609
47140,2013,135880
47290,2013,2088
47490,2013,2194
47630,2013,6789
47700,2013,98558
47800,2013,5602
47910,2013,2640
47980,2013,38552
48050,2013,14525
48130,2013,6841
48260,2013,7399
48340,2013,11935
48410,2013,58153
48540,2013,22659
48640,2013,1272
48750,2013,4759
48830,2013,11241
49399,2013,4199
50080,2013,36318
50210,2013,72662
50250,2013,12025
50280,2013,13487
50350,2013,15828
50420,2013,69083
50490,2013,39919
50560,2013,1692
50630,2013,2225
50770,2013,1667
50840,2013,4647
50910,2013,998
50980,2013,17185
51080,2013,1194
51120,2013,988
51190,2013,32951
51260,2013,34696
51310,2013,27856
51330,2013,93491
51400,2013,16483
51470,2013,566
51540,2013,6034
51610,2013,1349
51680,2013,5112
51710,2013,2041
51750,2013,10220
51820,2013,102787
51860,2013,547
51890,2013,9464
51960,2013,4196
52030,2013,1099
52100,2013,1147
52170,2013,8409
52240,2013,1129
52310,2013,901
52380,2013,272
52450,2013,1392
52520,2013,1375
52590,2013,3308
52660,2013,13824
52730,2013,5804
52800,2013,9491
52870,2013,5803
52940,2013,707
53010,2013,653
53080,2013,1069
53150,2013,7740
53220,2013,12570
53290,2013,14422
53360,2013,2655
53430,2013,30156
53570,2013,5267
53640,2013,1294
53710,2013,1038
53780,2013,119381
53800,2013,39838
53920,2013,3810
53990,2013,25657
54060,2013,3749
54130,2013,1112
54170,2013,164414
54200,2013,58622
54280,2013,33267
54310,2013,24432
54340,2013,4403
54410,2013,1251
54480,2013,547
54550,2013,2044
54620,2013,985
54690,2013,446
54760,2013,831
54830,2013,34707
54900,2013,1374
54970,2013,1428
55040,2013,2419
55110,2013,79292
55180,2013,9482
55250,2013,1426
55320,2013,104319
55390,2013,486
55460,2013,3379
55530,2013,487
55600,2013,2527
55670,2013,872
55740,2013,9217
55810,2013,661
55880,2013,523
55950,2013,545
56090,2013,39644
56160,2013,146
56230,2013,16087
56300,2013,1343
56370,2013,826
56460,2013,5324
56580,2013,22665
56620,2013,1689
56730,2013,11472
56790,2013,3432
56860,2013,254
56930,2013,1694
57000,2013,830
57080,2013,24317
57140,2013,1205
57210,2013,5172
57280,2013,15951
57350,2013,1066
57420,2013,2118
57490,2013,119300
57630,2013,112
57700,2013,22011
57770,2013,936
57840,2013,44348
57910,2013,218043
57980,2013,16466
58050,2013,123643
58190,2013,415
58260,2013,638
58330,2013,4682
58400,2013,366
58470,2013,270
58510,2013,36260
58540,2013,932
58570,2013,35442
58610,2013,1925
58680,2013,451
58760,2013,176627
58820,2013,3931
58890,2013,884
59030,2013,302
59100,2013,764
59170,2013,977
59250,2013,1131
59310,2013,1474
59320,2013,430
59330,2013,541
59340,2013,8243
59350,2013,426
59360,2013,1539
59370,2013,3619
60210,2013,6353
60410,2013,16046
60610,2013,19755
60810,2013,22122
61010,2013,2278
61210,2013,8249
61410,2013,53685
61510,2013,9977
61610,2013,25407
61810,2013,7010
62010,2013,845
62210,2013,6838
62410,2013,4425
62610,2013,45745
62810,2013,50839
63010,2013,16111
63210,2013,6334
63410,2013,1619
63610,2013,35351
63810,2013,10433
64010,2013,66722
64210,2013,19540
64610,2013,12765
64810,2013,13736
65010,2013,6183
65210,2013,2356
65410,2013,14083
65610,2013,4573
65810,2013,22851
70200,2013,28124
70420,2013,7810
70540,2013,199
70620,2013,4363
70700,2013,1369
71000,2013,82996
71150,2013,293
71300,2013,10677
72200,2013,10761
72300,2013,22195
72330,2013,6911
72800,2013,32972
73600,2013,7207
74050,2013,3001
74550,2013,3312
74560,2013,459
74660,2013,7290
74680,2013,3568
79399,2013,8215
89399,2013,383257
99399,2013,374
10050,2014,50990
10180,2014,29015
10250,2014,41881
10300,2014,2376
10470,2014,41157
10500,2014,154980
10550,2014,33562
10600,2014,12929
10650,2014,8519
10750,2014,331825
10800,2014,6034
10850,2014,7322
10900,2014,78867
10950,2014,2894
11150,2014,2870
11200,2014,1786
11250,2014,18627
11300,2014,37200
11350,2014,32263
11400,2014,13506
11450,2014,68645
11500,2014,156289
11520,2014,88565
11570,2014,350922
11600,2014,2800
11650,2014,330377
11700,2014,1934
11720,2014,55103
11730,2014,51498
11750,2014,4727
11800,2014,73016
12000,2014,4357
12150,2014,4134
12160,2014,11305
12350,2014,12556
12380,2014,216864
12390,2014,50322
12700,2014,8918
12730,2014,8962
12750,2014,37483
12850,2014,201788
12870,2014,12499
12900,2014,9698
12930,2014,148882
12950,2014,4382
13010,2014,8919
13310,2014,29486
13340,2014,10318
13450,2014,25942
13550,2014,12468
13660,2014,5250
13800,2014,65503
13850,2014,3005
13910,2014,18776
14000,2014,145262
14100,2014,14428
14170,2014,186495
14220,2014,17746
14300,2014,6283
14350,2014,29351
14400,2014,21612
14500,2014,119851
14550,2014,9288
14600,2014,6624
14650,2014,200249
14700,2014,35196
14750,2014,11408
14850,2014,44327
14870,2014,21283
14900,2014,200725
14920,2014,7831
14950,2014,3117
15050,2014,75695
15240,2014,90468
15270,2014,24059
15300,2014,13853
15350,2014,29846
15520,2014,11642
15560,2014,3900
15650,2014,16431
15700,2014,19501
15750,2014,13480
15800,2014,6015
15850,2014,6721
15900,2014,158683
15950,2014,69754
15990,2014,259723
16100,2014,5318
16150,2014,40619
16200,2014,14991
16260,2014,221107
16350,2014,193765
16380,2014,78048
16400,2014,69537
16490,2014,56537
16550,2014,144814
16610,2014,23087
16700,2014,115843
16900,2014,68658
16950,2014,99292
17000,2014,23597
17040,2014,20454
17080,2014,14690
17100,2014,40301
17150,2014,223921
17200,2014,204516
17310,2014,59872
17350,2014,6098
17400,2014,6769
17420,2014,155366
17550,2014,91139
17620,2014,14508
17640,2014,7722
17650,2014,6238
17750,2014,62776
17850,2014,3149
17900,2014,6512
17950,2014,2809
18020,2014,9689
18050,2014,70742
18100,2014,3706
18200,2014,6877
18250,2014,74238
18350,2014,47470
18400,2014,47445
18450,2014,206415
18500,2014,57253
18710,2014,16188
19399,2014,1134
20110,2014,12355
20260,2014,11560
20570,2014,99914
20660,2014,125107
20740,2014,31917
20830,2014,46644
20910,2014,99797
21010,2014,13898
21110,2014,172660
21180,2014,198468
21270,2014,6335
21370,2014,37338
21450,2014,88070
21610,2014,287937
21670,2014,12884
21750,2014,21131
21830,2014,16340
21890,2014,149511
22110,2014,44277
22170,2014,136181
22250,2014,10534
22310,2014,143694
22410,2014,19755
22490,2014,20899
22620,2014,107955
22670,2014,152135
22750,2014,227744
22830,2014,63919
22910,2014,15184
22980,2014,5844
23110,2014,90417
23190,2014,19748
23270,2014,191278
23350,2014,15732
23430,2014,154210
23670,2014,157434
23810,2014,74134
23940,2014,7513
24130,2014,45471
24210,2014,119437
24250,2014,8395
24330,2014,82463
24410,2014,111421
24600,2014,127975
24650,2014,129309
24700,2014,164099
24780,2014,53737
24850,2014,39084
24900,2014,29100
24970,2014,186150
25060,2014,117763
25150,2014,31066
25340,2014,156500
25430,2014,18501
25490,2014,16512
25620,2014,13687
25710,2014,63433
25810,2014,11777
25900,2014,104451
25990,2014,7047
26080,2014,2970
26170,2014,28521
26260,2014,16255
26350,2014,105894
26430,2014,10018
26490,2014,28874
26610,2014,20940
26670,2014,5982
26700,2014,27862
26730,2014,33729
26810,2014,42948
26890,2014,4038
26980,2014,164320
27070,2014,187899
27170,2014,38369
27260,2014,201512
27350,2014,87228
27450,2014,151968
27630,2014,6924
29399,2014,835
30250,2014,1332
30300,2014,4726
30370,2014,14860
30410,2014,3166
30450,2014,317
30760,2014,2152
30900,2014,473
31000,2014,1149107
31750,2014,388
31820,2014,94025
31900,2014,17695
31950,2014,450
32080,2014,158574
32250,2014,2112
32260,2014,29038
32270,2014,29598
32310,2014,12367
32330,2014,1300
32450,2014,3270
32500,2014,4065
32600,2014,303
32750,2014,303
32770,2014,1422
32810,2014,11757
33100,2014,840
33200,2014,1710
33220,2014,101332
33360,2014,63367
33430,2014,550718
33610,2014,10902
33620,2014,49089
33800,2014,11412
33830,2014,1030
33960,2014,189195
33980,2014,22786
34420,2014,1014
34530,2014,36063
34570,2014,671
34580,2014,38363
34590,2014,305147
34710,2014,4027
34770,2014,118916
34800,2014,943
34830,2014,302
34860,2014,13434
34880,2014,21542
35010,2014,419764
35250,2014,1202
35300,2014,21261
35600,2014,4639
35670,2014,939
35740,2014,52988
35760,2014,10547
35780,2014,2741
35790,2014,2527
35800,2014,1807
36070,2014,747
36150,2014,915
36250,2014,148833
36300,2014,838
36370,2014,82136
36510,2014,39882
36580,2014,24459
36630,2014,32606
36660,2014,35580
36720,2014,288652
36820,2014,25060
36910,2014,161523
36950,2014,3717
36960,2014,4690
37010,2014,188777
37300,2014,3863
37310,2014,33744
37340,2014,34362
37400,2014,1276
37550,2014,990
37570,2014,291
37600,2014,2694
40070,2014,22624
40120,2014,39657
40150,2014,8744
40220,2014,25705
40250,2014,2605
40310,2014,23468
40430,2014,2521
40520,2014,10847
40700,2014,44678
40910,2014,50717
41010,2014,3577
41060,2014,112846
41140,2014,9138
41190,2014,1809
41330,2014,1825
41560,2014,14024
41750,2014,1068
41830,2014,1710
41960,2014,1307
42030,2014,22275
42110,2014,4256
42250,2014,8144
42600,2014,36354
42750,2014,4694
43080,2014,1103
43220,2014,1097
43360,2014,2392
43650,2014,14644
43710,2014,5426
43790,2014,11671
44000,2014,70
44060,2014,88652
44210,2014,8599
44340,2014,65986
44550,2014,32386
44620,2014,26710
44830,2014,2918
45040,2014,21004
45090,2014,8585
45120,2014,4610
45290,2014,36361
45340,2014,167376
45400,2014,900
45540,2014,1717
45680,2014,87380
45890,2014,121422
46090,2014,14498
46300,2014,14595
46450,2014,17870
46510,2014,21050
46670,2014,9656
46860,2014,1425
46970,2014,4418
47140,2014,137257
47290,2014,2073
47490,2014,2180
47630,2014,6811
47700,2014,98726
47800,2014,5572
47910,2014,2651
47980,2014,38695
48050,2014,14729
48130,2014,6896
48260,2014,7447
48340,2014,11982
48410,2014,58627
48540,2014,22703
48640,2014,1276
48750,2014,4925
48830,2014,11254
49399,2014,4027
50080,2014,36919
50210,2014,75559
50250,2014,12515
50280,2014,13996
50350,2014,16003
50420,2014,69256
50490,2014,40531
50560,2014,1707
50630,2014,2132
50770,2014,1687
50840,2014,4687
50910,2014,1018
50980,2014,17100
51080,2014,1191
51120,2014,966
51190,2014,32941
51260,2014,35917
51310,2014,27940
51330,2014,93843
51400,2014,16934
51470,2014,566
51540,2014,5951
51610,2014,1379
51680,2014,5361
51710,2014,1979
51750,2014,10357
51820,2014,104906
51860,2014,556
51890,2014,9369
51960,2014,4046
52030,2014,1086
52100,2014,1161
52170,2014,8370
52240,2014,1131
52310,2014,902
52380,2014,251
52450,2014,1411
52520,2014,1405
52590,2014,3330
52660,2014,14036
52730,2014,5872
52800,2014,8864
52870,2014,5903
52940,2014,706
53010,2014,653
53080,2014,979
53150,2014,7769
53220,2014,12149
53290,2014,14624
53360,2014,2717
53430,2014,30361
53570,2014,5356
53640,2014,1275
53710,2014,1044
53780,2014,120756
53800,2014,40114
53920,2014,3734
53990,2014,26186
54060,2014,3702
54130,2014,1120
54170,2014,163894
54200,2014,59113
54280,2014,32498
54310,2014,23985
54340,2014,4389
54410,2014,1251
54480,2014,556
54550,2014,2029
54620,2014,918
54690,2014,440
54760,2014,804
54830,2014,36444
54900,2014,1329
54970,2014,1367
55040,2014,2122
55110,2014,80927
55180,2014,9448
55250,2014,1335
55320,2014,104073
55390,2014,499
55460,2014,3380
55530,2014,482
55600,2014,2504
55670,2014,835
55740,2014,9202
55810,2014,615
55880,2014,528
55950,2014,549
56090,2014,39651
56160,2014,150
56230,2014,16542
56300,2014,1350
56370,2014,818
56460,2014,5339
56580,2014,22686
56620,2014,1705
56730,2014,11570
56790,2014,3389
56860,2014,256
56930,2014,1707
57000,2014,762
57080,2014,25257
57140,2014,1187
57210,2014,5151
57280,2014,15648
57350,2014,1066
57420,2014,2036
57490,2014,123038
57630,2014,106
57700,2014,23592
57770,2014,948
57840,2014,44251
57910,2014,219372
57980,2014,16700
58050,2014,128032
58190,2014,414
58260,2014,627
58330,2014,4620
58400,2014,364
58470,2014,275
58510,2014,36570
58540,2014,934
58570,2014,35631
58610,2014,1921
58680,2014,453
58760,2014,182385
58820,2014,4057
58890,2014,869
59030,2014,305
59100,2014,744
59170,2014,993
59250,2014,1020
59310,2014,1433
59320,2014,429
59330,2014,535
59340,2014,8020
59350,2014,405
59360,2014,1426
59370,2014,3609
60210,2014,6312
60410,2014,16221
60610,2014,19565
60810,2014,21989
61010,2014,2239
61210,2014,8204
61410,2014,54219
61510,2014,10013
61610,2014,25295
61810,2014,6920
62010,2014,871
62210,2014,6854
62410,2014,4430
62610,2014,46044
62810,2014,51232
63010,2014,16243
63210,2014,6317
63410,2014,1611
63610,2014,35723
63810,2014,10569
64010,2014,66576
64210,2014,19519
64610,2014,12819
64810,2014,13981
65010,2014,6139
65210,2014,2389
65410,2014,14014
65610,2014,4392
65810,2014,22921
70200,2014,27486
70420,2014,7663
70540,2014,188
70620,2014,4316
70700,2014,1374
71000,2014,83098
71150,2014,323
71300,2014,10469
72200,2014,10744
72300,2014,23256
72330,2014,6875
72800,2014,34478
73600,2014,7272
74050,2014,2902
74550,2014,3269
74560,2014,467
74660,2014,7157
74680,2014,3587
79399,2014,7970
89399,2014,388799
99399,2014,361
10050,2015,51486
10180,2015,29160
10250,2015,42336
10300,2015,2364
10470,2015,41694
10500,2015,159222
10550,2015,33713
10600,2015,12936
10650,2015,8568
10750,2015,339449
10800,2015,6027
10850,2015,7322
10900,2015,78889
10950,2015,2846
11150,2015,2801
11200,2015,1762
11250,2015,18360
11300,2015,37822
11350,2015,32803
11400,2015,13511
11450,2015,74103
11500,2015,158586
11520,2015,90467
11570,2015,356328
11600,2015,2766
11650,2015,333264
11700,2015,1923
11720,2015,55888
11730,2015,51547
11750,2015,4703
11800,2015,73739
12000,2015,4366
12150,2015,4091
12160,2015,11302
12350,2015,12604
12380,2015,221152
12390,2015,50847
12700,2015,9008
12730,2015,9012
12750,2015,37733
12850,2015,203490
12870,2015,12470
12900,2015,9750
12930,2015,151069
12950,2015,4342
13010,2015,8926
13310,2015,29815
13340,2015,10441
13450,2015,26171
13550,2015,12447
13660,2015,5302
13800,2015,65890
13850,2015,2994
13910,2015,18760
14000,2015,146147
14100,2015,14540
14170,2015,188711
14220,2015,17764
14300,2015,6336
14350,2015,29379
14400,2015,21890
14500,2015,121315
14550,2015,9197
14600,2015,6541
14650,2015,201240
14700,2015,36402
14750,2015,11411
14850,2015,44212
14870,2015,21400
14900,2015,206205
14920,2015,7837
14950,2015,3121
15050,2015,77374
15240,2015,91038
15270,2015,24374
15300,2015,13735
15350,2015,30045
15520,2015,11755
15560,2015,3893
15650,2015,16435
15700,2015,19541
15750,2015,13459
15800,2015,5978
15850,2015,6668
15900,2015,159680
15950,2015,70860
15990,2015,262593
16100,2015,5329
16150,2015,40837
16200,2015,14954
16260,2015,227649
16350,2015,197678
16380,2015,78997
16400,2015,70257
16490,2015,57130
16550,2015,146908
16610,2015,23148
16700,2015,118499
16900,2015,69474
16950,2015,100550
17000,2015,23586
17040,2015,20473
17080,2015,14640
17100,2015,41276
17150,2015,225218
17200,2015,214037
17310,2015,60432
17350,2015,6165
17400,2015,6713
17420,2015,158941
17550,2015,92261
17620,2015,14412
17640,2015,7804
17650,2015,6194
17750,2015,63327
17850,2015,3128
17900,2015,6419
17950,2015,2783
18020,2015,9622
18050,2015,71336
18100,2015,3688
18200,2015,6890
18250,2015,75970
18350,2015,48150
18400,2015,48562
18450,2015,208313
18500,2015,57513
18710,2015,16356
19399,2015,1106
20110,2015,12429
20260,2015,11644
20570,2015,101479
20660,2015,126088
20740,2015,32576
20830,2015,47837
20910,2015,101268
21010,2015,13923
21110,2015,174753
21180,2015,200860
21270,2015,6306
21370,2015,37429
21450,2015,92298
21610,2015,299528
21670,2015,12950
21750,2015,21230
21830,2015,16274
21890,2015,151974
22110,2015,44868
22170,2015,137790
22250,2015,10536
22310,2015,145924
22410,2015,19722
22490,2015,21388
22620,2015,109908
22670,2015,156061
22750,2015,232926
22830,2015,64489
22910,2015,15334
22980,2015,5808
23110,2015,91674
23190,2015,19792
23270,2015,198176
23350,2015,15922
23430,2015,156244
23670,2015,158700
23810,2015,74266
23940,2015,7531
24130,2015,46373
24210,2015,120785
24250,2015,8530
24330,2015,84783
24410,2015,113023
24600,2015,136872
24650,2015,134915
24700,2015,167870
24780,2015,54156
24850,2015,40264
24900,2015,29288
24970,2015,189174
25060,2015,120231
25150,2015,31748
25340,2015,158831
25430,2015,18794
25490,2015,16591
25620,2015,13848
25710,2015,63675
25810,2015,11644
25900,2015,106381
25990,2015,7179
26080,2015,2933
26170,2015,28781
26260,2015,16162
26350,2015,108028
26430,2015,10175
26490,2015,29625
26610,2015,20893
26670,2015,6005
26700,2015,28143
26730,2015,34005
26810,2015,43172
26890,2015,3974
26980,2015,166679
27070,2015,196847
27170,2015,39223
27260,2015,213815
27350,2015,89923
27450,2015,153391
27630,2015,6826
29399,2015,862
30250,2015,1321
30300,2015,4610
30370,2015,14707
30410,2015,3082
30450,2015,296
30760,2015,2035
30900,2015,459
31000,2015,1165437
31750,2015,372
31820,2015,94028
31900,2015,17566
31950,2015,396
32080,2015,159944
32250,2015,2092
32260,2015,29098
32270,2015,29143
32310,2015,12235
32330,2015,1304
32450,2015,3179
32500,2015,4217
32600,2015,297
32750,2015,301
32770,2015,1454
32810,2015,11877
33100,2015,818
33200,2015,1643
33220,2015,102129
33360,2015,63697
33430,2015,561629
33610,2015,10835
33620,2015,49540
33800,2015,11181
33830,2015,1009
33960,2015,194274
33980,2015,22173
34420,2015,996
34530,2015,36579
34570,2015,697
34580,2015,38861
34590,2015,309342
34710,2015,3812
34770,2015,118292
34800,2015,876
34830,2015,304
34860,2015,13292
34880,2015,21812
35010,2015,428994
35250,2015,1202
35300,2015,20586
35600,2015,4527
35670,2015,959
35740,2015,53497
35760,2015,10607
35780,2015,2836
35790,2015,2550
35800,2015,1734
36070,2015,764
36150,2015,868
36250,2015,150107
36300,2015,820
36370,2015,82026
36510,2015,40307
36580,2015,24681
36630,2015,32589
36660,2015,35566
36720,2015,295317
36820,2015,25111
36910,2015,162775
36950,2015,3753
36960,2015,4731
37010,2015,190011
37300,2015,3964
37310,2015,33867
37340,2015,34509
37400,2015,1222
37550,2015,989
37570,2015,287
37600,2015,2695
40070,2015,23085
40120,2015,39630
40150,2015,8819
40220,2015,26203
40250,2015,2568
40310,2015,23829
40430,2015,2542
40520,2015,10854
40700,2015,44938
40910,2015,50937
41010,2015,3574
41060,2015,114125
41140,2015,9204
41190,2015,1803
41330,2015,1822
41560,2015,14266
41750,2015,1071
41830,2015,1703
41960,2015,1331
42030,2015,22707
42110,2015,4251
42250,2015,8282
42600,2015,36425
42750,2015,4761
43080,2015,1118
43220,2015,1089
43360,2015,2403
43650,2015,14890
43710,2015,5540
43790,2015,11716
44000,2015,66
44060,2015,89521
44210,2015,8718
44340,2015,66232
44550,2015,33187
44620,2015,26931
44830,2015,2927
45040,2015,21274
45090,2015,8570
45120,2015,4616
45290,2015,36369
45340,2015,168433
45400,2015,911
45540,2015,1706
45680,2015,88980
45890,2015,122766
46090,2015,14442
46300,2015,14585
46450,2015,17826
46510,2015,21096
46670,2015,9722
46860,2015,1423
46970,2015,4327
47140,2015,138695
47290,2015,2058
47490,2015,2164
47630,2015,6821
47700,2015,98983
47800,2015,5545
47910,2015,2670
47980,2015,38823
48050,2015,14886
48130,2015,6932
48260,2015,7732
48340,2015,12010
48410,2015,59075
48540,2015,22670
48640,2015,1279
48750,2015,5095
48830,2015,11267
49399,2015,3849
50080,2015,37206
50210,2015,78848
50250,2015,13002
50280,2015,14419
50350,2015,15842
50420,2015,69136
50490,2015,41055
50560,2015,1732
50630,2015,2031
50770,2015,1681
50840,2015,4727
50910,2015,1010
50980,2015,17060
51080,2015,1180
51120,2015,955
51190,2015,32872
51260,2015,36940
51310,2015,27988
51330,2015,93959
51400,2015,17250
51470,2015,568
51540,2015,5844
51610,2015,1413
51680,2015,5500
51710,2015,1929
51750,2015,10515
51820,2015,106802
51860,2015,555
51890,2015,9132
51960,2015,3904
52030,2015,1077
52100,2015,1168
52170,2015,8267
52240,2015,1119
52310,2015,900
52380,2015,226
52450,2015,1433
52520,2015,1435
52590,2015,3298
52660,2015,14190
52730,2015,5957
52800,2015,8570
52870,2015,5949
52940,2015,706
53010,2015,663
53080,2015,894
53150,2015,7731
53220,2015,11529
53290,2015,14734
53360,2015,2749
53430,2015,30405
53570,2015,5351
53640,2015,1255
53710,2015,1050
53780,2015,121720
53800,2015,39958
53920,2015,3656
53990,2015,26656
54060,2015,3662
54130,2015,1127
54170,2015,162904
54200,2015,59298
54280,2015,31748
54310,2015,23103
54340,2015,4308
54410,2015,1249
54480,2015,559
54550,2015,2027
54620,2015,929
54690,2015,437
54760,2015,787
54830,2015,38153
54900,2015,1306
54970,2015,1299
55040,2015,1812
55110,2015,82202
55180,2015,9402
55250,2015,1224
55320,2015,103522
55390,2015,510
55460,2015,3385
55530,2015,474
55600,2015,2505
55670,2015,800
55740,2015,9188
55810,2015,563
55880,2015,531
55950,2015,551
56090,2015,39563
56160,2015,155
56230,2015,16909
56300,2015,1352
56370,2015,820
56460,2015,5333
56580,2015,22435
56620,2015,1713
56730,2015,11420
56790,2015,3357
56860,2015,259
56930,2015,1709
57000,2015,696
57080,2015,26096
57140,2015,1202
57210,2015,5130
57280,2015,15387
57350,2015,1060
57420,2015,1906
57490,2015,126012
57630,2015,100
57700,2015,25499
57770,2015,965
57840,2015,44096
57910,2015,220152
57980,2015,16927
58050,2015,132127
58190,2015,412
58260,2015,619
58330,2015,4535
58400,2015,358
58470,2015,278
58510,2015,36714
58540,2015,931
58570,2015,35663
58610,2015,1915
58680,2015,457
58760,2015,188278
58820,2015,4133
58890,2015,855
59030,2015,306
59100,2015,737
59170,2015,1005
59250,2015,894
59310,2015,1393
59320,2015,423
59330,2015,533
59340,2015,7780
59350,2015,378
59360,2015,1314
59370,2015,3599
60210,2015,6254
60410,2015,16448
60610,2015,19408
60810,2015,21847
61010,2015,2203
61210,2015,8142
61410,2015,54829
61510,2015,10048
61610,2015,25162
61810,2015,6816
62010,2015,900
62210,2015,6857
62410,2015,4433
62610,2015,46307
62810,2015,51591
63010,2015,16361
63210,2015,6286
63410,2015,1599
63610,2015,36140
63810,2015,10723
64010,2015,66492
64210,2015,19502
64610,2015,12873
64810,2015,14200
65010,2015,6096
65210,2015,2391
65410,2015,13903
65610,2015,4299
65810,2015,23007
70200,2015,26843
70420,2015,7572
70540,2015,182
70620,2015,4259
70700,2015,1396
71000,2015,84363
71150,2015,365
71300,2015,10362
72200,2015,10671
72300,2015,24757
72330,2015,6859
72800,2015,35414
73600,2015,7335
74050,2015,2848
74550,2015,3217
74560,2015,479
74660,2015,7060
74680,2015,3598
79399,2015,7112
89399,2015,395813
99399,2015,367
10050,2016,52171
10180,2016,29310
10250,2016,42993
10300,2016,2330
10470,2016,42244
10500,2016,164534
10550,2016,33941
10600,2016,12951
10650,2016,8609
10750,2016,348030
10800,2016,6024
10850,2016,7343
10900,2016,78835
10950,2016,2764
11150,2016,2762
11200,2016,1710
11250,2016,18114
11300,2016,38536
11350,2016,33399
11400,2016,13577
11450,2016,80268
11500,2016,161562
11520,2016,92534
11570,2016,361862
11600,2016,2793
11650,2016,336611
11700,2016,1881
11720,2016,56720
11730,2016,51622
11750,2016,4687
11800,2016,74670
12000,2016,4390
12150,2016,4051
12160,2016,11291
12350,2016,12659
12380,2016,225691
12390,2016,51404
12700,2016,9101
12730,2016,8991
12750,2016,37919
12850,2016,205675
12870,2016,12445
12900,2016,9817
12930,2016,153161
12950,2016,4298
13010,2016,8934
13310,2016,30261
13340,2016,10519
13450,2016,26356
13550,2016,12491
13660,2016,5326
13800,2016,66346
13850,2016,2984
13910,2016,18756
14000,2016,147385
14100,2016,14656
14170,2016,191194
14220,2016,17815
14300,2016,6414
14350,2016,29431
14400,2016,22110
14500,2016,122472
14550,2016,9114
14600,2016,6444
14650,2016,202332
14700,2016,37694
14750,2016,11407
14850,2016,44122
14870,2016,21484
14900,2016,211983
14920,2016,7847
14950,2016,3173
15050,2016,79063
15240,2016,91801
15270,2016,24546
15300,2016,13627
15350,2016,30260
15520,2016,11872
15560,2016,3929
15650,2016,16462
15700,2016,19580
15750,2016,13367
15800,2016,5949
15850,2016,6617
15900,2016,160707
15950,2016,71809
15990,2016,265468
16100,2016,5349
16150,2016,41210
16200,2016,14924
16260,2016,234444
16350,2016,201597
16380,2016,80073
16400,2016,71115
16490,2016,57790
16550,2016,148922
16610,2016,23256
16700,2016,121270
16900,2016,70391
16950,2016,101942
17000,2016,23576
17040,2016,20558
17080,2016,14611
17100,2016,42415
17150,2016,226461
17200,2016,222717
17310,2016,60990
17350,2016,6210
17400,2016,6697
17420,2016,162975
17550,2016,93742
17620,2016,14344
17640,2016,7853
17650,2016,6147
17750,2016,63906
17850,2016,3130
17900,2016,6317
17950,2016,2797
18020,2016,9562
18050,2016,72013
18100,2016,3677
18200,2016,6932
18250,2016,77888
18350,2016,48998
18400,2016,49854
18450,2016,210394
18500,2016,57744
18710,2016,16568
19399,2016,1112
20110,2016,12578
20260,2016,11745
20570,2016,103500
20660,2016,127447
20740,2016,33464
20830,2016,49296
20910,2016,102912
21010,2016,13982
21110,2016,177276
21180,2016,204190
21270,2016,6284
21370,2016,37595
21450,2016,97573
21610,2016,312789
21670,2016,13087
21750,2016,21362
21830,2016,16243
21890,2016,155126
22110,2016,45600
22170,2016,139502
22250,2016,10567
22310,2016,148583
22410,2016,19759
22490,2016,22016
22620,2016,112267
22670,2016,160222
22750,2016,239529
22830,2016,65072
22910,2016,15525
22980,2016,5784
23110,2016,93445
23190,2016,19884
23270,2016,207041
23350,2016,16165
23430,2016,158941
23670,2016,160353
23810,2016,74622
23940,2016,7558
24130,2016,47480
24210,2016,122570
24250,2016,8674
24330,2016,86942
24410,2016,114800
24600,2016,146096
24650,2016,141420
24700,2016,172294
24780,2016,54658
24850,2016,41795
24900,2016,29486
24970,2016,192625
25060,2016,122871
25150,2016,32672
25340,2016,161528
25430,2016,19097
25490,2016,16737
25620,2016,14052
25710,2016,64174
25810,2016,11570
25900,2016,108627
25990,2016,7316
26080,2016,2929
26170,2016,29122
26260,2016,16123
26350,2016,111003
26430,2016,10357
26490,2016,30465
26610,2016,20896
26670,2016,6046
26700,2016,28592
26730,2016,34242
26810,2016,43530
26890,2016,3937
26980,2016,169641
27070,2016,207058
27170,2016,40100
27260,2016,227008
27350,2016,92894
27450,2016,155226
27630,2016,6743
29399,2016,892
30250,2016,1323
30300,2016,4461
30370,2016,14570
30410,2016,2909
30450,2016,272
30760,2016,1925
30900,2016,436
31000,2016,1184752
31750,2016,356
31820,2016,94256
31900,2016,17326
31950,2016,342
32080,2016,161573
32250,2016,2051
32260,2016,29287
32270,2016,28690
32310,2016,12087
32330,2016,1293
32450,2016,3125
32500,2016,4302
32600,2016,296
32750,2016,296
32770,2016,1475
32810,2016,12070
33100,2016,807
33200,2016,1582
33220,2016,102962
33360,2016,63017
33430,2016,575303
33610,2016,10813
33620,2016,50327
33800,2016,10968
33830,2016,1014
33960,2016,200103
33980,2016,21543
34420,2016,983
34530,2016,36950
34570,2016,746
34580,2016,39499
34590,2016,314511
34710,2016,3727
34770,2016,117218
34800,2016,816
34830,2016,318
34860,2016,12926
34880,2016,22038
35010,2016,439292
35250,2016,1197
35300,2016,19606
35600,2016,4386
35670,2016,989
35740,2016,53922
35760,2016,10646
35780,2016,2945
35790,2016,2581
35800,2016,1668
36070,2016,785
36150,2016,825
36250,2016,152216
36300,2016,806
36370,2016,81322
36510,2016,40984
36580,2016,25153
36630,2016,32625
36660,2016,35638
36720,2016,302841
36820,2016,25217
36910,2016,164168
36950,2016,3799
36960,2016,4775
37010,2016,191348
37300,2016,4040
37310,2016,34049
37340,2016,34538
37400,2016,1154
37550,2016,999
37570,2016,292
37600,2016,2702
40070,2016,23552
40120,2016,39632
40150,2016,8912
40220,2016,26562
40250,2016,2498
40310,2016,24200
40430,2016,2592
40520,2016,10835
40700,2016,45216
40910,2016,51080
41010,2016,3566
41060,2016,114980
41140,2016,9244
41190,2016,1816
41330,2016,1818
41560,2016,14472
41750,2016,1070
41830,2016,1693
41960,2016,1334
42030,2016,23355
42110,2016,4240
42250,2016,8417
42600,2016,36537
42750,2016,4836
43080,2016,1121
43220,2016,1083
43360,2016,2415
43650,2016,15048
43710,2016,5661
43790,2016,11730
44000,2016,62
44060,2016,90508
44210,2016,8845
44340,2016,66482
44550,2016,33897
44620,2016,27061
44830,2016,2920
45040,2016,21562
45090,2016,8544
45120,2016,4623
45290,2016,36396
45340,2016,169372
45400,2016,912
45540,2016,1712
45680,2016,90553
45890,2016,124007
46090,2016,14359
46300,2016,14523
46450,2016,17767
46510,2016,21124
46670,2016,9780
46860,2016,1413
46970,2016,4052
47140,2016,140346
47290,2016,2063
47490,2016,2168
47630,2016,6817
47700,2016,99153
47800,2016,5525
47910,2016,2675
47980,2016,38939
48050,2016,15011
48130,2016,6950
48260,2016,7781
48340,2016,12022
48410,2016,59408
48540,2016,22511
48640,2016,1279
48750,2016,5276
48830,2016,11291
49399,2016,3639
50080,2016,37285
50210,2016,82021
50250,2016,13311
50280,2016,14819
50350,2016,15613
50420,2016,68791
50490,2016,41448
50560,2016,1748
50630,2016,1882
50770,2016,1722
50840,2016,4697
50910,2016,1002
50980,2016,16959
51080,2016,1164
51120,2016,941
51190,2016,32574
51260,2016,37766
51310,2016,27991
51330,2016,93733
51400,2016,17375
51470,2016,564
51540,2016,5713
51610,2016,1441
51680,2016,5536
51710,2016,1903
51750,2016,10632
51820,2016,108302
51860,2016,546
51890,2016,8856
51960,2016,3695
52030,2016,1058
52100,2016,1193
52170,2016,8109
52240,2016,1107
52310,2016,882
52380,2016,199
52450,2016,1469
52520,2016,1454
52590,2016,3262
52660,2016,14241
52730,2016,6018
52800,2016,8364
52870,2016,5956
52940,2016,699
53010,2016,684
53080,2016,788
53150,2016,7680
53220,2016,10953
53290,2016,14527
53360,2016,2788
53430,2016,30310
53570,2016,5325
53640,2016,1237
53710,2016,1045
53780,2016,122011
53800,2016,39567
53920,2016,3593
53990,2016,26890
54060,2016,3604
54130,2016,1127
54170,2016,160918
54200,2016,59201
54280,2016,30840
54310,2016,22211
54340,2016,4200
54410,2016,1242
54480,2016,568
54550,2016,2010
54620,2016,894
54690,2016,428
54760,2016,783
54830,2016,40058
54900,2016,1300
54970,2016,1222
55040,2016,1491
55110,2016,83322
55180,2016,9341
55250,2016,1110
55320,2016,102342
55390,2016,518
55460,2016,3395
55530,2016,465
55600,2016,2477
55670,2016,765
55740,2016,9167
55810,2016,507
55880,2016,533
55950,2016,553
56090,2016,39217
56160,2016,158
56230,2016,17126
56300,2016,1339
56370,2016,815
56460,2016,5235
56580,2016,22108
56620,2016,1708
56730,2016,11238
56790,2016,3335
56860,2016,259
56930,2016,1708
57000,2016,630
57080,2016,26879
57140,2016,1183
57210,2016,5103
57280,2016,15064
57350,2016,1038
57420,2016,1764
57490,2016,128992
57630,2016,93
57700,2016,27578
57770,2016,963
57840,2016,43879
57910,2016,220073
57980,2016,17018
58050,2016,136679
58190,2016,407
58260,2016,608
58330,2016,4461
58400,2016,354
58470,2016,282
58510,2016,36647
58540,2016,924
58570,2016,35674
58610,2016,1884
58680,2016,458
58760,2016,194779
58820,2016,4162
58890,2016,824
59030,2016,306
59100,2016,740
59170,2016,1000
59250,2016,767
59310,2016,1354
59320,2016,415
59330,2016,522
59340,2016,7478
59350,2016,350
59360,2016,1213
59370,2016,3605
60210,2016,6198
60410,2016,16669
60610,2016,19228
60810,2016,21736
61010,2016,2169
61210,2016,8104
61410,2016,55465
61510,2016,10087
61610,2016,25128
61810,2016,6724
62010,2016,939
62210,2016,6873
62410,2016,4451
62610,2016,46722
62810,2016,52018
63010,2016,16563
63210,2016,6263
63410,2016,1594
63610,2016,36544
63810,2016,10927
64010,2016,66518
64210,2016,19553
64610,2016,12972
64810,2016,14482
65010,2016,6083
65210,2016,2389
65410,2016,13813
65610,2016,4210
65810,2016,23092
70200,2016,26518
70420,2016,7426
70540,2016,175
70620,2016,4165
70700,2016,1412
71000,2016,85323
71150,2016,398
71300,2016,10252
72200,2016,10541
72300,2016,25355
72330,2016,6753
72800,2016,36013
73600,2016,7329
74050,2016,2777
74550,2016,3142
74560,2016,492
74660,2016,6941
74680,2016,3601
79399,2016,7065
89399,2016,403104
99399,2016,2159
10050,2017,53056
10180,2017,29519
10250,2017,43652
10300,2017,2338
10470,2017,42583
10500,2017,168779
10550,2017,34287
10600,2017,12976
10650,2017,8638
10750,2017,359591
10800,2017,5936
10850,2017,7375
10900,2017,78989
10950,2017,2708
11150,2017,2695
11200,2017,1683
11250,2017,17994
11300,2017,39275
11350,2017,33944
11400,2017,13683
11450,2017,88297
11500,2017,165143
11520,2017,92872
11570,2017,367534
11600,2017,2825
11650,2017,340140
11700,2017,1845
11720,2017,57921
11730,2017,51953
11750,2017,4605
11800,2017,75753
12000,2017,4423
12150,2017,4023
12160,2017,11306
12350,2017,12697
12380,2017,231490
12390,2017,52490
12700,2017,9154
12730,2017,8847
12750,2017,38372
12850,2017,209107
12870,2017,12509
12900,2017,9725
12930,2017,155276
12950,2017,4304
13010,2017,8937
13310,2017,30642
13340,2017,10601
13450,2017,26653
13550,2017,12662
13660,2017,5244
13800,2017,66708
13850,2017,2978
13910,2017,18906
14000,2017,149601
14100,2017,14621
14170,2017,192275
14220,2017,17840
14300,2017,6441
14350,2017,29770
14400,2017,22299
14500,2017,124122
14550,2017,9171
14600,2017,6403
14650,2017,204512
14700,2017,38615
14750,2017,11438
14850,2017,44137
14870,2017,21419
14900,2017,217465
14920,2017,7829
14950,2017,3208
15050,2017,81058
15240,2017,92901
15270,2017,24889
15300,2017,13497
15350,2017,30299
15520,2017,12027
15560,2017,3854
15650,2017,16519
15700,2017,19787
15750,2017,13300
15800,2017,5909
15850,2017,6596
15900,2017,162796
15950,2017,72304
15990,2017,267483
16100,2017,5409
16150,2017,41800
16200,2017,14893
16260,2017,243158
16350,2017,205517
16380,2017,81386
16400,2017,71829
16490,2017,59000
16550,2017,149099
16610,2017,23336
16700,2017,124095
16900,2017,71303
16950,2017,103122
17000,2017,23806
17040,2017,20792
17080,2017,14693
17100,2017,43679
17150,2017,227428
17200,2017,227997
17310,2017,61758
17350,2017,6162
17400,2017,6728
17420,2017,168400
17550,2017,94597
17620,2017,14318
17640,2017,8003
17650,2017,6154
17750,2017,64768
17850,2017,3138
17900,2017,6167
17950,2017,2742
18020,2017,9489
18050,2017,72507
18100,2017,3672
18200,2017,7052
18250,2017,78873
18350,2017,49790
18400,2017,50912
18450,2017,212188
18500,2017,57750
18710,2017,16669
19399,2017,1109
20110,2017,12687
20260,2017,11796
20570,2017,105551
20660,2017,128660
20740,2017,34748
20830,2017,50883
20910,2017,103665
21010,2017,14049
21110,2017,178650
21180,2017,206116
21270,2017,6221
21370,2017,37799
21450,2017,102258
21610,2017,324946
21670,2017,13200
21750,2017,21595
21830,2017,16279
21890,2017,156525
22110,2017,46219
22170,2017,140601
22250,2017,10602
22310,2017,150702
22410,2017,19802
22490,2017,22613
22620,2017,114265
22670,2017,162924
22750,2017,246384
22830,2017,65955
22910,2017,15708
22980,2017,5728
23110,2017,94543
23190,2017,19977
23270,2017,216249
23350,2017,16390
23430,2017,160140
23670,2017,161525
23810,2017,75088
23940,2017,7569
24130,2017,48415
24210,2017,124126
24250,2017,8897
24330,2017,88120
24410,2017,116223
24600,2017,155956
24650,2017,148711
24700,2017,175110
24780,2017,55433
24850,2017,43045
24900,2017,29717
24970,2017,195666
25060,2017,124321
25150,2017,33689
25340,2017,164188
25430,2017,19297
25490,2017,16779
25620,2017,14290
25710,2017,64414
25810,2017,11591
25900,2017,109523
25990,2017,7325
26080,2017,2923
26170,2017,29361
26260,2017,16207
26350,2017,112134
26430,2017,10532
26490,2017,31555
26610,2017,21069
26670,2017,6064
26700,2017,28951
26730,2017,34520
26810,2017,43872
26890,2017,3952
26980,2017,172376
27070,2017,214426
27170,2017,40837
27260,2017,241573
27350,2017,94503
27450,2017,156696
27630,2017,6708
29399,2017,901
30250,2017,1301
30300,2017,4394
30370,2017,14573
30410,2017,2881
30450,2017,278
30760,2017,1895
30900,2017,435
31000,2017,1206960
31750,2017,347
31820,2017,95354
31900,2017,17224
31950,2017,362
32080,2017,163806
32250,2017,2034
32260,2017,29442
32270,2017,28573
32310,2017,12021
32330,2017,1283
32450,2017,3260
32500,2017,4414
32600,2017,288
32750,2017,284
32770,2017,1495
32810,2017,12206
33100,2017,792
33200,2017,1520
33220,2017,104509
33360,2017,62859
33430,2017,589101
33610,2017,10747
33620,2017,51110
33800,2017,10950
33830,2017,1005
33960,2017,205588
33980,2017,21480
34420,2017,990
34530,2017,37452
34570,2017,727
34580,2017,40003
34590,2017,321102
34710,2017,3661
34770,2017,117513
34800,2017,811
34830,2017,344
34860,2017,12927
34880,2017,22227
35010,2017,448559
35250,2017,1171
35300,2017,19363
35600,2017,4279
35670,2017,973
35740,2017,54688
35760,2017,10556
35780,2017,2935
35790,2017,2465
35800,2017,1679
36070,2017,774
36150,2017,805
36250,2017,154656
36300,2017,791
36370,2017,81322
36510,2017,41643
36580,2017,25286
36630,2017,32680
36660,2017,35899
36720,2017,311426
36820,2017,25521
36910,2017,166901
36950,2017,3784
36960,2017,4688
37010,2017,192475
37300,2017,4057
37310,2017,34292
37340,2017,35083
37400,2017,1149
37550,2017,997
37570,2017,292
37600,2017,2663
40070,2017,24188
40120,2017,39875
40150,2017,9040
40220,2017,26919
40250,2017,2476
40310,2017,24466
40430,2017,2600
40520,2017,10833
40700,2017,45591
40910,2017,51669
41010,2017,3577
41060,2017,116438
41140,2017,9261
41190,2017,1817
41330,2017,1806
41560,2017,14636
41750,2017,1071
41830,2017,1681
41960,2017,1324
42030,2017,23729
42110,2017,4225
42250,2017,8483
42600,2017,36696
42750,2017,4849
43080,2017,1098
43220,2017,1079
43360,2017,2400
43650,2017,15305
43710,2017,5731
43790,2017,11731
44000,2017,68
44060,2017,91491
44210,2017,8987
44340,2017,66855
44550,2017,34735
44620,2017,27114
44830,2017,2908
45040,2017,21719
45090,2017,8602
45120,2017,4607
45290,2017,36678
45340,2017,170482
45400,2017,898
45540,2017,1723
45680,2017,92534
45890,2017,125690
46090,2017,14361
46300,2017,14595
46450,2017,17749
46510,2017,21272
46670,2017,9866
46860,2017,1435
46970,2017,4048
47140,2017,142061
47290,2017,2055
47490,2017,2173
47630,2017,6832
47700,2017,99567
47800,2017,5525
47910,2017,2708
47980,2017,39078
48050,2017,15204
48130,2017,6976
48260,2017,7876
48340,2017,12034
48410,2017,59809
48540,2017,22254
48640,2017,1261
48750,2017,5398
48830,2017,11375
49399,2017,3476
50080,2017,37879
50210,2017,84875
50250,2017,12208
50280,2017,15258
50350,2017,15721
50420,2017,69043
50490,2017,41683
50560,2017,1740
50630,2017,1846
50770,2017,1737
50840,2017,4815
50910,2017,988
50980,2017,17216
51080,2017,1153
51120,2017,953
51190,2017,32758
51260,2017,38619
51310,2017,28474
51330,2017,94403
51400,2017,17696
51470,2017,564
51540,2017,5652
51610,2017,1462
51680,2017,5602
51710,2017,1876
51750,2017,10693
51820,2017,110451
51860,2017,552
51890,2017,8882
51960,2017,3669
52030,2017,1065
52100,2017,1153
52170,2017,8144
52240,2017,1110
52310,2017,893
52380,2017,194
52450,2017,1444
52520,2017,1441
52590,2017,3302
52660,2017,14413
52730,2017,6133
52800,2017,8290
52870,2017,6015
52940,2017,711
53010,2017,684
53080,2017,759
53150,2017,7799
53220,2017,10888
53290,2017,14450
53360,2017,2871
53430,2017,30842
53570,2017,5349
53640,2017,1237
53710,2017,1033
53780,2017,123703
53800,2017,39692
53920,2017,3619
53990,2017,27358
54060,2017,3636
54130,2017,1123
54170,2017,161057
54200,2017,59337
54280,2017,30908
54310,2017,22288
54340,2017,4180
54410,2017,1220
54480,2017,554
54550,2017,2013
54620,2017,881
54690,2017,416
54760,2017,779
54830,2017,41672
54900,2017,1296
54970,2017,1262
55040,2017,1536
55110,2017,84912
55180,2017,9302
55250,2017,1118
55320,2017,102569
55390,2017,523
55460,2017,3385
55530,2017,450
55600,2017,2447
55670,2017,733
55740,2017,9199
55810,2017,542
55880,2017,520
55950,2017,558
56090,2017,39161
56160,2017,152
56230,2017,17371
56300,2017,1398
56370,2017,822
56460,2017,5204
56580,2017,22391
56620,2017,1649
56730,2017,11372
56790,2017,3305
56860,2017,257
56930,2017,1692
57000,2017,634
57080,2017,27112
57140,2017,1154
57210,2017,5188
57280,2017,14989
57350,2017,1017
57420,2017,1819
57490,2017,130672
57630,2017,93
57700,2017,29002
57770,2017,962
57840,2017,43886
57910,2017,221986
57980,2017,17231
58050,2017,140449
58190,2017,408
58260,2017,615
58330,2017,4513
58400,2017,344
58470,2017,255
58510,2017,36578
58540,2017,914
58570,2017,35856
58610,2017,1855
58680,2017,464
58760,2017,199194
58820,2017,4167
58890,2017,806
59030,2017,301
59100,2017,732
59170,2017,1026
59250,2017,706
59310,2017,1356
59320,2017,433
59330,2017,515
59340,2017,7508
59350,2017,358
59360,2017,1209
59370,2017,3591
60210,2017,6264
60410,2017,17060
60610,2017,19354
60810,2017,22002
61010,2017,2222
61210,2017,8107
61410,2017,56636
61510,2017,10233
61610,2017,25405
61810,2017,6736
62010,2017,939
62210,2017,6914
62410,2017,4538
62610,2017,47921
62810,2017,53231
63010,2017,16937
63210,2017,6314
63410,2017,1600
63610,2017,37485
63810,2017,11240
64010,2017,67537
64210,2017,19802
64610,2017,13132
64810,2017,14929
65010,2017,6129
65210,2017,2405
65410,2017,13884
65610,2017,4206
65810,2017,23600
70200,2017,26889
70420,2017,7342
70540,2017,172
70620,2017,4151
70700,2017,1428
71000,2017,86339
71150,2017,400
71300,2017,10211
72200,2017,10624
72300,2017,25203
72330,2017,6685
72800,2017,36797
73600,2017,7297
74050,2017,2755
74550,2017,3120
74560,2017,486
74660,2017,6943
74680,2017,3536
79399,2017,7034
89399,2017,415046
99399,2017,2243
10050,2018,53922
10180,2018,29631
10250,2018,44385
10300,2018,2308
10470,2018,42882
10500,2018,171377
10550,2018,34674
10600,2018,13006
10650,2018,8645
10750,2018,369384
10800,2018,5849
10850,2018,7406
10900,2018,79107
10950,2018,2648
11150,2018,2600
11200,2018,1637
11250,2018,17914
11300,2018,39773
11350,2018,34512
11400,2018,13729
11450,2018,96023
11500,2018,168825
11520,2018,92765
11570,2018,371891
11600,2018,2864
11650,2018,343074
11700,2018,1809
11720,2018,59649
11730,2018,52301
11750,2018,4528
11800,2018,76887
12000,2018,4415
12150,2018,3976
12160,2018,11324
12350,2018,12726
12380,2018,235878
12390,2018,53575
12700,2018,9259
12730,2018,8728
12750,2018,38816
12850,2018,211392
12870,2018,12559
12900,2018,9664
12930,2018,156225
12950,2018,4300
13010,2018,8941
13310,2018,31072
13340,2018,10701
13450,2018,26896
13550,2018,12799
13660,2018,5191
13800,2018,66989
13850,2018,2958
13910,2018,19019
14000,2018,151809
14100,2018,14563
14170,2018,192661
14220,2018,17895
14300,2018,6446
14350,2018,30080
14400,2018,22479
14500,2018,125528
14550,2018,9208
14600,2018,6341
14650,2018,206975
14700,2018,39239
14750,2018,11459
14850,2018,44196
14870,2018,21344
14900,2018,222410
14920,2018,7806
14950,2018,3218
15050,2018,83260
15240,2018,93900
15270,2018,25181
15300,2018,13355
15350,2018,30269
15520,2018,12227
15560,2018,3809
15650,2018,16520
15700,2018,19960
15750,2018,13233
15800,2018,5879
15850,2018,6584
15900,2018,164730
15950,2018,72354
15990,2018,268390
16100,2018,5455
16150,2018,42522
16200,2018,14836
16260,2018,250835
16350,2018,209578
16380,2018,82780
16400,2018,72609
16490,2018,60212
16550,2018,147552
16610,2018,23446
16700,2018,126364
16900,2018,72318
16950,2018,104489
17000,2018,24036
17040,2018,20972
17080,2018,14751
17100,2018,44663
17150,2018,228239
17200,2018,229284
17310,2018,62511
17350,2018,6138
17400,2018,6767
17420,2018,173067
17550,2018,95355
17620,2018,14298
17640,2018,8097
17650,2018,6144
17750,2018,65618
17850,2018,3110
17900,2018,6004
17950,2018,2714
18020,2018,9454
18050,2018,72609
18100,2018,3656
18200,2018,7185
18250,2018,78797
18350,2018,50562
18400,2018,51972
18450,2018,213480
18500,2018,57370
18710,2018,16796
19399,2018,1115
20110,2018,12822
20260,2018,11805
20570,2018,107608
20660,2018,129645
20740,2018,36083
20830,2018,52447
20910,2018,104623
21010,2018,14158
21110,2018,179386
21180,2018,206977
21270,2018,6214
21370,2018,37948
21450,2018,106945
21610,2018,338087
21670,2018,13330
21750,2018,21823
21830,2018,16231
21890,2018,157103
22110,2018,46881
22170,2018,141531
22250,2018,10601
22310,2018,152389
22410,2018,19893
22490,2018,23191
22620,2018,116186
22670,2018,164895
22750,2018,253175
22830,2018,66826
22910,2018,15902
22980,2018,5691
23110,2018,95150
23190,2018,20064
23270,2018,225526
23350,2018,16613
23430,2018,161685
23670,2018,162459
23810,2018,75586
23940,2018,7602
24130,2018,49302
24210,2018,125091
24250,2018,9153
24330,2018,88871
24410,2018,117125
24600,2018,163363
24650,2018,157019
24700,2018,177679
24780,2018,56154
24850,2018,44556
24900,2018,29910
24970,2018,198010
25060,2018,125487
25150,2018,34662
25340,2018,166564
25430,2018,19500
25490,2018,16897
25620,2018,14561
25710,2018,64542
25810,2018,11634
25900,2018,110733
25990,2018,7327
26080,2018,2954
26170,2018,29604
26260,2018,16291
26350,2018,113340
26430,2018,10734
26490,2018,32750
26610,2018,21240
26670,2018,6100
26700,2018,29269
26730,2018,34823
26810,2018,44233
26890,2018,3964
26980,2018,174431
27070,2018,220601
27170,2018,41541
27260,2018,257010
27350,2018,95504
27450,2018,157819
27630,2018,6698
29399,2018,911
30250,2018,1296
30300,2018,4372
30370,2018,14525
30410,2018,2877
30450,2018,288
30760,2018,1901
30900,2018,447
31000,2018,1226938
31750,2018,343
31820,2018,96599
31900,2018,17086
31950,2018,381
32080,2018,165716
32250,2018,2050
32260,2018,29536
32270,2018,28572
32310,2018,11954
32330,2018,1257
32450,2018,3351
32500,2018,4471
32600,2018,280
32750,2018,286
32770,2018,1486
32810,2018,12204
33100,2018,773
33200,2018,1498
33220,2018,106379
33360,2018,63077
33430,2018,602443
33610,2018,10648
33620,2018,51665
33800,2018,10944
33830,2018,1011
33960,2018,211946
33980,2018,21523
34420,2018,1014
34530,2018,37950
34570,2018,708
34580,2018,40539
34590,2018,327769
34710,2018,3653
34770,2018,118352
34800,2018,817
34830,2018,369
34860,2018,12914
34880,2018,22501
35010,2018,458013
35250,2018,1151
35300,2018,19241
35600,2018,4263
35670,2018,958
35740,2018,55511
35760,2018,10406
35780,2018,2923
35790,2018,2369
35800,2018,1666
36070,2018,743
36150,2018,772
36250,2018,156885
36300,2018,785
36370,2018,81406
36510,2018,42371
36580,2018,25326
36630,2018,32698
36660,2018,36118
36720,2018,320606
36820,2018,25849
36910,2018,169319
36950,2018,3721
36960,2018,4551
37010,2018,193105
37300,2018,4082
37310,2018,34338
37340,2018,35651
37400,2018,1155
37550,2018,999
37570,2018,290
37600,2018,2643
40070,2018,24688
40120,2018,40173
40150,2018,9191
40220,2018,27322
40250,2018,2491
40310,2018,24815
40430,2018,2594
40520,2018,10826
40700,2018,45882
40910,2018,52393
41010,2018,3583
41060,2018,118160
41140,2018,9300
41190,2018,1805
41330,2018,1777
41560,2018,14810
41750,2018,1059
41830,2018,1683
41960,2018,1311
42030,2018,24055
42110,2018,4179
42250,2018,8567
42600,2018,37002
42750,2018,4886
43080,2018,1083
43220,2018,1072
43360,2018,2362
43650,2018,15509
43710,2018,5812
43790,2018,11775
44000,2018,76
44060,2018,92455
44210,2018,9090
44340,2018,67366
44550,2018,35637
44620,2018,27242
44830,2018,2897
45040,2018,21893
45090,2018,8679
45120,2018,4596
45290,2018,36996
45340,2018,171631
45400,2018,895
45540,2018,1705
45680,2018,94352
45890,2018,127684
46090,2018,14380
46300,2018,14652
46450,2018,17726
46510,2018,21460
46670,2018,9897
46860,2018,1471
46970,2018,4100
47140,2018,143765
47290,2018,2051
47490,2018,2183
47630,2018,6894
47700,2018,100132
47800,2018,5531
47910,2018,2731
47980,2018,39187
48050,2018,15419
48130,2018,6891
48260,2018,7975
48340,2018,12046
48410,2018,60542
48540,2018,22102
48640,2018,1231
48750,2018,5519
48830,2018,11475
49399,2018,3418
50080,2018,38470
50210,2018,88068
50250,2018,11144
50280,2018,15708
50350,2018,15895
50420,2018,69267
50490,2018,41872
50560,2018,1741
50630,2018,1819
50770,2018,1784
50840,2018,4938
50910,2018,969
50980,2018,17432
51080,2018,1133
51120,2018,964
51190,2018,32897
51260,2018,39305
51310,2018,28764
51330,2018,95171
51400,2018,18001
51470,2018,555
51540,2018,5574
51610,2018,1485
51680,2018,5705
51710,2018,1848
51750,2018,10858
51820,2018,112928
51860,2018,553
51890,2018,8918
51960,2018,3591
52030,2018,1059
52100,2018,1102
52170,2018,8170
52240,2018,1110
52310,2018,888
52380,2018,181
52450,2018,1413
52520,2018,1439
52590,2018,3294
52660,2018,14503
52730,2018,6165
52800,2018,8340
52870,2018,6072
52940,2018,708
53010,2018,688
53080,2018,728
53150,2018,7869
53220,2018,10754
53290,2018,14342
53360,2018,2949
53430,2018,31287
53570,2018,5384
53640,2018,1245
53710,2018,1018
53780,2018,125087
53800,2018,39976
53920,2018,3714
53990,2018,28086
54060,2018,3627
54130,2018,1132
54170,2018,161479
54200,2018,59442
54280,2018,30750
54310,2018,22509
54340,2018,4162
54410,2018,1202
54480,2018,538
54550,2018,2009
54620,2018,872
54690,2018,400
54760,2018,781
54830,2018,43172
54900,2018,1290
54970,2018,1302
55040,2018,1585
55110,2018,86708
55180,2018,9253
55250,2018,1128
55320,2018,103153
55390,2018,534
55460,2018,3349
55530,2018,434
55600,2018,2409
55670,2018,701
55740,2018,9224
55810,2018,560
55880,2018,504
55950,2018,563
56090,2018,39494
56160,2018,140
56230,2018,17648
56300,2018,1440
56370,2018,826
56460,2018,5058
56580,2018,22564
56620,2018,1598
56730,2018,11475
56790,2018,3277
56860,2018,257
56930,2018,1675
57000,2018,629
57080,2018,27433
57140,2018,1121
57210,2018,5307
57280,2018,15208
57350,2018,1004
57420,2018,1845
57490,2018,132911
57630,2018,97
57700,2018,30159
57770,2018,986
57840,2018,43989
57910,2018,224316
57980,2018,17320
58050,2018,144202
58190,2018,407
58260,2018,601
58330,2018,4520
58400,2018,335
58470,2018,234
58510,2018,36741
58540,2018,894
58570,2018,36282
58610,2018,1828
58680,2018,478
58760,2018,203526
58820,2018,4195
58890,2018,799
59030,2018,285
59100,2018,725
59170,2018,1033
59250,2018,657
59310,2018,1331
59320,2018,443
59330,2018,501
59340,2018,7561
59350,2018,361
59360,2018,1204
59370,2018,3573
60210,2018,6381
60410,2018,17501
60610,2018,19601
60810,2018,22284
61010,2018,2296
61210,2018,8118
61410,2018,58064
61510,2018,10481
61610,2018,25852
61810,2018,6739
62010,2018,952
62210,2018,6958
62410,2018,4653
62610,2018,49082
62810,2018,54286
63010,2018,17380
63210,2018,6386
63410,2018,1616
63610,2018,38484
63810,2018,11550
64010,2018,68716
64210,2018,20037
64610,2018,13362
64810,2018,15433
65010,2018,6257
65210,2018,2443
65410,2018,14033
65610,2018,4255
65810,2018,24091
70200,2018,27223
70420,2018,7257
70540,2018,169
70620,2018,4138
70700,2018,1414
71000,2018,85788
71150,2018,373
71300,2018,10165
72200,2018,10672
72300,2018,24498
72330,2018,6648
72800,2018,37596
73600,2018,7311
74050,2018,2744
74550,2018,3135
74560,2018,480
74660,2018,6985
74680,2018,3476
79399,2018,7023
89399,2018,426081
99399,2018,2324
10050,2019,54657
10180,2019,29701
10250,2019,44997
10300,2019,2287
10470,2019,43207
10500,2019,173913
10550,2019,35026
10600,2019,13046
10650,2019,8649
10750,2019,380186
10800,2019,5755
10850,2019,7450
10900,2019,79077
10950,2019,2602
11150,2019,2534
11200,2019,1591
11250,2019,17801
11300,2019,40333
11350,2019,35054
11400,2019,13773
11450,2019,104706
11500,2019,172286
11520,2019,92609
11570,2019,375333
11600,2019,2863
11650,2019,345695
11700,2019,1799
11720,2019,60823
11730,2019,52604
11750,2019,4401
11800,2019,77810
12000,2019,4413
12150,2019,3923
12160,2019,11362
12350,2019,12732
12380,2019,240090
12390,2019,54358
12700,2019,9329
12730,2019,8657
12750,2019,39290
12850,2019,212825
12870,2019,12627
12900,2019,9590
12930,2019,156510
12950,2019,4323
13010,2019,8947
13310,2019,31490
13340,2019,10801
13450,2019,27102
13550,2019,12921
13660,2019,5124
13800,2019,67244
13850,2019,2933
13910,2019,19131
14000,2019,153216
14100,2019,14427
14170,2019,191965
14220,2019,17974
14300,2019,6452
14350,2019,30347
14400,2019,22711
14500,2019,126364
14550,2019,9248
14600,2019,6273
14650,2019,209433
14700,2019,39790
14750,2019,11489
14850,2019,44234
14870,2019,21216
14900,2019,227187
14920,2019,7780
14950,2019,3266
15050,2019,85313
15240,2019,94826
15270,2019,25416
15300,2019,13215
15350,2019,30020
15520,2019,12355
15560,2019,3753
15650,2019,16554
15700,2019,20150
15750,2019,13146
15800,2019,5832
15850,2019,6565
15900,2019,166510
15950,2019,72155
15990,2019,268935
16100,2019,5489
16150,2019,43115
16200,2019,14774
16260,2019,257472
16350,2019,213534
16380,2019,84167
16400,2019,73509
16490,2019,61423
16550,2019,145287
16610,2019,23525
16700,2019,129738
16900,2019,73370
16950,2019,105781
17000,2019,24309
17040,2019,21192
17080,2019,14817
17100,2019,45895
17150,2019,229213
17200,2019,229596
17310,2019,63183
17350,2019,6116
17400,2019,6794
17420,2019,180102
17550,2019,96068
17620,2019,14291
17640,2019,8220
17650,2019,6119
17750,2019,66411
17850,2019,3090
17900,2019,5869
17950,2019,2662
18020,2019,9377
18050,2019,72485
18100,2019,3635
18200,2019,7284
18250,2019,78830
18350,2019,51302
18400,2019,52826
18450,2019,214552
18500,2019,56892
18710,2019,16941
19399,2019,1086
20110,2019,12904
20260,2019,11838
20570,2019,109773
20660,2019,130607
20740,2019,37440
20830,2019,54047
20910,2019,105128
21010,2019,14237
21110,2019,179663
21180,2019,206771
21270,2019,6166
21370,2019,38128
21450,2019,112002
21610,2019,352006
21670,2019,13349
21750,2019,22037
21830,2019,16171
21890,2019,157298
22110,2019,47464
22170,2019,141970
22250,2019,10562
22310,2019,153936
22410,2019,19992
22490,2019,23810
22620,2019,118214
22670,2019,166296
22750,2019,260134
22830,2019,67733
22910,2019,16105
22980,2019,5668
23110,2019,95818
23190,2019,20200
23270,2019,235370
23350,2019,16876
23430,2019,163178
23670,2019,163308
23810,2019,76121
23940,2019,7629
24130,2019,50162
24210,2019,126873
24250,2019,9417
24330,2019,89460
24410,2019,117965
24600,2019,168952
24650,2019,165535
24700,2019,179327
24780,2019,56764
24850,2019,46373
24900,2019,30099
24970,2019,199762
25060,2019,126406
25150,2019,35793
25340,2019,168594
25430,2019,19696
25490,2019,16997
25620,2019,14737
25710,2019,64464
25810,2019,11707
25900,2019,111782
25990,2019,7449
26080,2019,2973
26170,2019,29923
26260,2019,16378
26350,2019,113800
26430,2019,10907
26490,2019,34213
26610,2019,21407
26670,2019,6142
26700,2019,29439
26730,2019,35104
26810,2019,44676
26890,2019,3979
26980,2019,175862
27070,2019,226072
27170,2019,42084
27260,2019,273201
27350,2019,96544
27450,2019,158745
27630,2019,6675
29399,2019,918
30250,2019,1288
30300,2019,4389
30370,2019,14581
30410,2019,2876
30450,2019,297
30760,2019,1916
30900,2019,454
31000,2019,1247133
31750,2019,340
31820,2019,97801
31900,2019,17003
31950,2019,399
32080,2019,167149
32250,2019,2089
32260,2019,29564
32270,2019,28574
32310,2019,11890
32330,2019,1244
32450,2019,3442
32500,2019,4532
32600,2019,272
32750,2019,282
32770,2019,1479
32810,2019,12312
33100,2019,747
33200,2019,1506
33220,2019,108146
33360,2019,63495
33430,2019,614435
33610,2019,10603
33620,2019,52489
33800,2019,10891
33830,2019,1013
33960,2019,219893
33980,2019,21773
34420,2019,1045
34530,2019,38548
34570,2019,693
34580,2019,41020
34590,2019,335955
34710,2019,3654
34770,2019,119529
34800,2019,822
34830,2019,393
34860,2019,12835
34880,2019,22681
35010,2019,467314
35250,2019,1127
35300,2019,19159
35600,2019,4211
35670,2019,943
35740,2019,56045
35760,2019,10268
35780,2019,2904
35790,2019,2274
35800,2019,1671
36070,2019,708
36150,2019,742
36250,2019,158937
36300,2019,777
36370,2019,81842
36510,2019,42856
36580,2019,25355
36630,2019,32784
36660,2019,36239
36720,2019,329946
36820,2019,26071
36910,2019,171566
36950,2019,3652
36960,2019,4434
37010,2019,193687
37300,2019,4112
37310,2019,34420
37340,2019,36266
37400,2019,1150
37550,2019,1005
37570,2019,289
37600,2019,2621
40070,2019,25376
40120,2019,40587
40150,2019,9338
40220,2019,27820
40250,2019,2506
40310,2019,25050
40430,2019,2624
40520,2019,10812
40700,2019,46118
40910,2019,53599
41010,2019,3600
41060,2019,120098
41140,2019,9336
41190,2019,1794
41330,2019,1740
41560,2019,14962
41750,2019,1050
41830,2019,1681
41960,2019,1302
42030,2019,24465
42110,2019,4156
42250,2019,8672
42600,2019,37413
42750,2019,4909
43080,2019,1068
43220,2019,1063
43360,2019,2355
43650,2019,15608
43710,2019,5875
43790,2019,11830
44000,2019,85
44060,2019,93817
44210,2019,9182
44340,2019,67690
44550,2019,36842
44620,2019,27379
44830,2019,2898
45040,2019,22089
45090,2019,8778
45120,2019,4611
45290,2019,37477
45340,2019,173141
45400,2019,898
45540,2019,1696
45680,2019,96220
45890,2019,130293
46090,2019,14384
46300,2019,14733
46450,2019,17736
46510,2019,21841
46670,2019,9954
46860,2019,1490
46970,2019,4103
47140,2019,145467
47290,2019,2047
47490,2019,2196
47630,2019,6966
47700,2019,100837
47800,2019,5542
47910,2019,2770
47980,2019,39322
48050,2019,15708
48130,2019,6921
48260,2019,8054
48340,2019,12043
48410,2019,61562
48540,2019,22073
48640,2019,1205
48750,2019,5617
48830,2019,11581
49399,2019,3340
50080,2019,39054
50210,2019,91543
50250,2019,10018
50280,2019,16235
50350,2019,16089
50420,2019,70051
50490,2019,42719
50560,2019,1746
50630,2019,1784
50770,2019,1808
50840,2019,5063
50910,2019,959
50980,2019,17652
51080,2019,1112
51120,2019,982
51190,2019,33267
51260,2019,40187
51310,2019,29167
51330,2019,96447
51400,2019,18205
51470,2019,554
51540,2019,5497
51610,2019,1523
51680,2019,5846
51710,2019,1803
51750,2019,11055
51820,2019,115577
51860,2019,591
51890,2019,8939
51960,2019,3542
52030,2019,1066
52100,2019,1067
52170,2019,8225
52240,2019,1115
52310,2019,890
52380,2019,194
52450,2019,1384
52520,2019,1428
52590,2019,3327
52660,2019,14706
52730,2019,6235
52800,2019,8321
52870,2019,6131
52940,2019,714
53010,2019,691
53080,2019,706
53150,2019,7933
53220,2019,10637
53290,2019,14329
53360,2019,3036
53430,2019,31782
53570,2019,5470
53640,2019,1241
53710,2019,1006
53780,2019,127017
53800,2019,40173
53920,2019,3783
53990,2019,28540
54060,2019,3670
54130,2019,1146
54170,2019,162308
54200,2019,59750
54280,2019,30636
54310,2019,22844
54340,2019,4161
54410,2019,1191
54480,2019,523
54550,2019,1979
54620,2019,869
54690,2019,391
54760,2019,781
54830,2019,44700
54900,2019,1289
54970,2019,1331
55040,2019,1610
55110,2019,88698
55180,2019,9258
55250,2019,1167
55320,2019,104340
55390,2019,541
55460,2019,3286
55530,2019,430
55600,2019,2374
55670,2019,680
55740,2019,9332
55810,2019,599
55880,2019,494
55950,2019,575
56090,2019,39877
56160,2019,129
56230,2019,17950
56300,2019,1487
56370,2019,831
56460,2019,5019
56580,2019,22745
56620,2019,1538
56730,2019,11483
56790,2019,3263
56860,2019,261
56930,2019,1661
57000,2019,629
57080,2019,28214
57140,2019,1100
57210,2019,5358
57280,2019,15585
57350,2019,997
57420,2019,1914
57490,2019,135440
57630,2019,102
57700,2019,31410
57770,2019,1000
57840,2019,44538
57910,2019,227540
57980,2019,17602
58050,2019,148672
58190,2019,402
58260,2019,589
58330,2019,4570
58400,2019,330
58470,2019,219
58510,2019,37348
58540,2019,864
58570,2019,36892
58610,2019,1790
58680,2019,496
58760,2019,208263
58820,2019,4254
58890,2019,783
59030,2019,278
59100,2019,714
59170,2019,1025
59250,2019,611
59310,2019,1327
59320,2019,453
59330,2019,492
59340,2019,7741
59350,2019,361
59360,2019,1206
59370,2019,3551
60210,2019,6516
60410,2019,17995
60610,2019,19899
60810,2019,22532
61010,2019,2377
61210,2019,8140
61410,2019,59447
61510,2019,10729
61610,2019,26262
61810,2019,6779
62010,2019,951
62210,2019,7020
62410,2019,4791
62610,2019,50068
62810,2019,55482
63010,2019,17818
63210,2019,6461
63410,2019,1633
63610,2019,39378
63810,2019,11922
64010,2019,69888
64210,2019,20286
64610,2019,13492
64810,2019,15952
65010,2019,6465
65210,2019,2486
65410,2019,14178
65610,2019,4292
65810,2019,24602
70200,2019,27600
70420,2019,7212
70540,2019,168
70620,2019,4147
70700,2019,1411
71000,2019,85308
71150,2019,348
71300,2019,10153
72200,2019,10721
72300,2019,23331
72330,2019,6636
72800,2019,38200
73600,2019,7357
74050,2019,2742
74550,2019,3163
74560,2019,474
74660,2019,7059
74680,2019,3427
79399,2019,7102
89399,2019,435730
99399,2019,2382
10050,2020,55466
10180,2020,29600
10250,2020,45663
10300,2020,2257
10470,2020,43444
10500,2020,176184
10550,2020,35428
10600,2020,13152
10650,2020,8653
10750,2020,391911
10800,2020,5649
10850,2020,7484
10900,2020,79031
10950,2020,2514
11150,2020,2483
11200,2020,1525
11250,2020,17718
11300,2020,40670
11350,2020,35715
11400,2020,13814
11450,2020,112451
11500,2020,175725
11520,2020,91833
11570,2020,376638
11600,2020,2892
11650,2020,347734
11700,2020,1774
11720,2020,62431
11730,2020,52893
11750,2020,4213
11800,2020,78409
12000,2020,4404
12150,2020,3871
12160,2020,11393
12350,2020,12748
12380,2020,240841
12390,2020,55010
12700,2020,9450
12730,2020,8547
12750,2020,39917
12850,2020,212148
12870,2020,12726
12900,2020,9502
12930,2020,155919
12950,2020,4327
13010,2020,8946
13310,2020,31934
13340,2020,10931
13450,2020,27249
13550,2020,13024
13660,2020,5019
13800,2020,67578
13850,2020,2910
13910,2020,19205
14000,2020,154037
14100,2020,14269
14170,2020,190035
14220,2020,17985
14300,2020,6463
14350,2020,30602
14400,2020,22873
14500,2020,126438
14550,2020,9304
14600,2020,6223
14650,2020,211954
14700,2020,40067
14750,2020,11500
14850,2020,44316
14870,2020,21063
14900,2020,231268
14920,2020,7702
14950,2020,3308
15050,2020,87920
15240,2020,95731
15270,2020,25589
15300,2020,13047
15350,2020,29543
15520,2020,12572
15560,2020,3625
15650,2020,16539
15700,2020,20290
15750,2020,12990
15800,2020,5787
15850,2020,6521
15900,2020,168242
15950,2020,71430
15990,2020,268164
16100,2020,5540
16150,2020,43383
16200,2020,14646
16260,2020,260413
16350,2020,216922
16380,2020,85499
16400,2020,74450
16490,2020,62506
16550,2020,142499
16610,2020,23593
16700,2020,130999
16900,2020,74941
16950,2020,107246
17000,2020,24503
17040,2020,21437
17080,2020,14889
17100,2020,46417
17150,2020,230379
17200,2020,227250
17310,2020,63405
17350,2020,6077
17400,2020,6779
17420,2020,186622
17550,2020,96857
17620,2020,14296
17640,2020,8378
17650,2020,6056
17750,2020,67277
17850,2020,3057
17900,2020,5701
17950,2020,2634
18020,2020,9358
18050,2020,71880
18100,2020,3619
18200,2020,7389
18250,2020,78566
18350,2020,52018
18400,2020,53618
18450,2020,215063
18500,2020,55951
18710,2020,17092
19399,2020,1055
20110,2020,13054
20260,2020,11918
20570,2020,111645
20660,2020,130294
20740,2020,38950
20830,2020,55753
20910,2020,105018
21010,2020,14382
21110,2020,177875
21180,2020,204213
21270,2020,6156
21370,2020,38379
21450,2020,116505
21610,2020,363970
21670,2020,13304
21750,2020,22274
21830,2020,16108
21890,2020,157056
22110,2020,47874
22170,2020,142191
22250,2020,10575
22310,2020,154656
22410,2020,20055
22490,2020,24366
22620,2020,119958
22670,2020,165648
22750,2020,266036
22830,2020,68474
22910,2020,16339
22980,2020,5668
23110,2020,95193
23190,2020,20385
23270,2020,243643
23350,2020,17115
23430,2020,163196
23670,2020,163242
23810,2020,76714
23940,2020,7657
24130,2020,50894
24210,2020,127987
24250,2020,9792
24330,2020,89418
24410,2020,118295
24600,2020,170589
24650,2020,173566
24700,2020,180030
24780,2020,57335
24850,2020,48073
24900,2020,30298
24970,2020,200791
25060,2020,126786
25150,2020,36944
25340,2020,170186
25430,2020,19939
25490,2020,17091
25620,2020,14872
25710,2020,64322
25810,2020,11805
25900,2020,110574
25990,2020,7544
26080,2020,3095
26170,2020,30272
26260,2020,16506
26350,2020,112610
26430,2020,11158
26490,2020,35827
26610,2020,21499
26670,2020,6170
26700,2020,29517
26730,2020,35418
26810,2020,45105
26890,2020,3994
26980,2020,176794
27070,2020,231040
27170,2020,42666
27260,2020,287292
27350,2020,96662
27450,2020,158876
27630,2020,6641
29399,2020,934
30250,2020,1196
30300,2020,4392
30370,2020,14587
30410,2020,2862
30450,2020,302
30760,2020,1919
30900,2020,458
31000,2020,1263500
31750,2020,340
31820,2020,98883
31900,2020,16934
31950,2020,415
32080,2020,168710
32250,2020,2118
32260,2020,29608
32270,2020,28524
32310,2020,11923
32330,2020,1220
32450,2020,3528
32500,2020,4579
32600,2020,269
32750,2020,273
32770,2020,1459
32810,2020,12371
33100,2020,731
33200,2020,1509
33220,2020,109938
33360,2020,63890
33430,2020,626342
33610,2020,10516
33620,2020,53021
33800,2020,10911
33830,2020,1007
33960,2020,226778
33980,2020,22141
34420,2020,1076
34530,2020,39206
34570,2020,673
34580,2020,41366
34590,2020,343821
34710,2020,3651
34770,2020,121395
34800,2020,828
34830,2020,418
34860,2020,12891
34880,2020,23010
35010,2020,476622
35250,2020,1093
35300,2020,19315
35600,2020,4106
35670,2020,923
35740,2020,56662
35760,2020,10206
35780,2020,2891
35790,2020,2205
35800,2020,1683
36070,2020,672
36150,2020,721
36250,2020,160418
36300,2020,769
36370,2020,82352
36510,2020,43255
36580,2020,25322
36630,2020,32952
36660,2020,36393
36720,2020,338389
36820,2020,26309
36910,2020,173562
36950,2020,3589
36960,2020,4355
37010,2020,194679
37300,2020,4143
37310,2020,34390
37340,2020,37105
37400,2020,1130
37550,2020,1020
37570,2020,287
37600,2020,2606
40070,2020,25964
40120,2020,40969
40150,2020,9677
40220,2020,28400
40250,2020,2515
40310,2020,25325
40430,2020,2631
40520,2020,10800
40700,2020,46415
40910,2020,54884
41010,2020,3616
41060,2020,122119
41140,2020,9379
41190,2020,1777
41330,2020,1689
41560,2020,15109
41750,2020,1046
41830,2020,1673
41960,2020,1305
42030,2020,24770
42110,2020,4136
42250,2020,8763
42600,2020,37724
42750,2020,4925
43080,2020,1056
43220,2020,1056
43360,2020,2359
43650,2020,15843
43710,2020,5947
43790,2020,11861
44000,2020,93
44060,2020,95256
44210,2020,9268
44340,2020,68175
44550,2020,38206
44620,2020,27565
44830,2020,2910
45040,2020,22268
45090,2020,8867
45120,2020,4622
45290,2020,37958
45340,2020,174948
45400,2020,893
45540,2020,1681
45680,2020,98458
45890,2020,132967
46090,2020,14389
46300,2020,14773
46450,2020,17742
46510,2020,22234
46670,2020,9988
46860,2020,1526
46970,2020,4137
47140,2020,147359
47290,2020,2040
47490,2020,2219
47630,2020,7016
47700,2020,101613
47800,2020,5565
47910,2020,2832
47980,2020,39465
48050,2020,16068
48130,2020,6867
48260,2020,8156
48340,2020,12058
48410,2020,62573
48540,2020,22036
48640,2020,1185
48750,2020,5736
48830,2020,11681
49399,2020,3229
50080,2020,39629
50210,2020,94970
50250,2020,8927
50280,2020,16792
50350,2020,16326
50420,2020,71277
50490,2020,43614
50560,2020,1738
50630,2020,1751
50770,2020,1833
50840,2020,5188
50910,2020,970
50980,2020,17976
51080,2020,1098
51120,2020,1000
51190,2020,33769
51260,2020,41059
51310,2020,29743
51330,2020,98643
51400,2020,18492
51470,2020,555
51540,2020,5491
51610,2020,1568
51680,2020,5952
51710,2020,1758
51750,2020,11501
51820,2020,119032
51860,2020,608
51890,2020,8956
51960,2020,3546
52030,2020,1076
52100,2020,1044
52170,2020,8345
52240,2020,1122
52310,2020,906
52380,2020,207
52450,2020,1358
52520,2020,1426
52590,2020,3395
52660,2020,14931
52730,2020,6398
52800,2020,8362
52870,2020,6205
52940,2020,726
53010,2020,699
53080,2020,698
53150,2020,8035
53220,2020,10533
53290,2020,14325
53360,2020,3151
53430,2020,32439
53570,2020,5611
53640,2020,1250
53710,2020,997
53780,2020,129685
53800,2020,40641
53920,2020,3932
53990,2020,29076
54060,2020,3730
54130,2020,1162
54170,2020,164044
54200,2020,60337
54280,2020,30590
54310,2020,23245
54340,2020,4205
54410,2020,1180
54480,2020,511
54550,2020,1964
54620,2020,876
54690,2020,382
54760,2020,792
54830,2020,46243
54900,2020,1305
54970,2020,1377
55040,2020,1661
55110,2020,91112
55180,2020,9317
55250,2020,1213
55320,2020,106124
55390,2020,553
55460,2020,3254
55530,2020,421
55600,2020,2380
55670,2020,668
55740,2020,9394
55810,2020,643
55880,2020,479
55950,2020,580
56090,2020,40360
56160,2020,117
56230,2020,18274
56300,2020,1547
56370,2020,829
56460,2020,4987
56580,2020,23075
56620,2020,1502
56730,2020,11594
56790,2020,3279
56860,2020,261
56930,2020,1661
57000,2020,632
57080,2020,29588
57140,2020,1086
57210,2020,5410
57280,2020,16115
57350,2020,984
57420,2020,2023
57490,2020,137931
57630,2020,109
57700,2020,32437
57770,2020,1041
57840,2020,45072
57910,2020,232404
57980,2020,17941
58050,2020,153844
58190,2020,399
58260,2020,582
58330,2020,4611
58400,2020,317
58470,2020,201
58510,2020,38260
58540,2020,847
58570,2020,37717
58610,2020,1781
58680,2020,520
58760,2020,212823
58820,2020,4314
58890,2020,786
59030,2020,268
59100,2020,719
59170,2020,1035
59250,2020,587
59310,2020,1341
59320,2020,461
59330,2020,492
59340,2020,7904
59350,2020,358
59360,2020,1208
59370,2020,3567
60210,2020,6659
60410,2020,18501
60610,2020,20171
60810,2020,22894
61010,2020,2473
61210,2020,8207
61410,2020,60771
61510,2020,10926
61610,2020,26566
61810,2020,6863
62010,2020,937
62210,2020,7186
62410,2020,4972
62610,2020,50652
62810,2020,56208
63010,2020,18289
63210,2020,6583
63410,2020,1639
63610,2020,40052
63810,2020,12301
64010,2020,71019
64210,2020,20603
64610,2020,13661
64810,2020,16471
65010,2020,6639
65210,2020,2560
65410,2020,14341
65610,2020,4311
65810,2020,25123
70200,2020,28029
70420,2020,7228
70540,2020,167
70620,2020,4129
70700,2020,1410
71000,2020,85109
71150,2020,330
71300,2020,10123
72200,2020,10716
72300,2020,23111
72330,2020,6558
72800,2020,38902
73600,2020,7391
74050,2020,2743
74550,2020,3196
74560,2020,471
74660,2020,7130
74680,2020,3422
79399,2020,7263
89399,2020,444903
99399,2020,2437
10050,2021,56067
10180,2021,29332
10250,2021,46196
10300,2021,2208
10470,2021,43674
10500,2021,176229
10550,2021,35770
10600,2021,13203
10650,2021,8615
10750,2021,399925
10800,2021,5544
10850,2021,7511
10900,2021,78372
10950,2021,2480
11150,2021,2416
11200,2021,1487
11250,2021,17662
11300,2021,40440
11350,2021,36106
11400,2021,13767
11450,2021,120083
11500,2021,177778
11520,2021,89685
11570,2021,372459
11600,2021,2873
11650,2021,348493
11700,2021,1758
11720,2021,64120
11730,2021,54212
11750,2021,4098
11800,2021,78781
12000,2021,4403
12150,2021,3833
12160,2021,11390
12350,2021,12759
12380,2021,237083
12390,2021,55528
12700,2021,9532
12730,2021,8437
12750,2021,40464
12850,2021,209066
12870,2021,12822
12900,2021,9385
12930,2021,152800
12950,2021,4318
13010,2021,8925
13310,2021,32150
13340,2021,11109
13450,2021,27195
13550,2021,13088
13660,2021,4912
13800,2021,67605
13850,2021,2885
13910,2021,19223
14000,2021,152263
14100,2021,13596
14170,2021,183839
14220,2021,17920
14300,2021,6454
14350,2021,30828
14400,2021,22970
14500,2021,124703
14550,2021,9346
14600,2021,6153
14650,2021,214054
14700,2021,39608
14750,2021,11480
14850,2021,44361
14870,2021,20855
14900,2021,234505
14920,2021,7608
14950,2021,3328
15050,2021,90612
15240,2021,96475
15270,2021,25714
15300,2021,12964
15350,2021,28466
15520,2021,12785
15560,2021,3564
15650,2021,16469
15700,2021,20382
15750,2021,12808
15800,2021,5733
15850,2021,6448
15900,2021,169433
15950,2021,69471
15990,2021,264567
16100,2021,5567
16150,2021,43750
16200,2021,14451
16260,2021,258527
16350,2021,219239
16380,2021,86638
16400,2021,75328
16490,2021,63404
16550,2021,135219
16610,2021,23595
16700,2021,129813
16900,2021,76492
16950,2021,108550
17000,2021,24725
17040,2021,21667
17080,2021,14900
17100,2021,45963
17150,2021,230994
17200,2021,214703
17310,2021,63670
17350,2021,6013
17400,2021,6800
17420,2021,192660
17550,2021,97216
17620,2021,14258
17640,2021,8494
17650,2021,5992
17750,2021,67891
17850,2021,3019
17900,2021,5588
17950,2021,2584
18020,2021,9256
18050,2021,69397
18100,2021,3592
18200,2021,7490
18250,2021,76044
18350,2021,52489
18400,2021,54196
18450,2021,214700
18500,2021,53910
18710,2021,17240
19399,2021,1020
20110,2021,13166
20260,2021,11827
20570,2021,113504
20660,2021,127370
20740,2021,40675
20830,2021,57618
20910,2021,102328
21010,2021,14436
21110,2021,169789
21180,2021,196631
21270,2021,6132
21370,2021,38556
21450,2021,119573
21610,2021,369558
21670,2021,13388
21750,2021,22309
21830,2021,16030
21890,2021,150296
22110,2021,48477
22170,2021,140824
22250,2021,10615
22310,2021,150638
22410,2021,20058
22490,2021,24892
22620,2021,121272
22670,2021,160100
22750,2021,270932
22830,2021,68526
22910,2021,16485
22980,2021,5656
23110,2021,92267
23190,2021,20376
23270,2021,246920
23350,2021,17251
23430,2021,159554
23670,2021,160481
23810,2021,77117
23940,2021,7703
24130,2021,51599
24210,2021,125821
24250,2021,10121
24330,2021,86385
24410,2021,116075
24600,2021,153110
24650,2021,181346
24700,2021,173500
24780,2021,56966
24850,2021,49712
24900,2021,30367
24970,2021,192893
25060,2021,122950
25150,2021,37910
25340,2021,170440
25430,2021,20114
25490,2021,17296
25620,2021,15139
25710,2021,63450
25810,2021,11886
25900,2021,103438
25990,2021,7619
26080,2021,3236
26170,2021,30388
26260,2021,16492
26350,2021,106190
26430,2021,11368
26490,2021,37648
26610,2021,21381
26670,2021,6186
26700,2021,29751
26730,2021,35433
26810,2021,45469
26890,2021,3978
26980,2021,171077
27070,2021,231831
27170,2021,43207
27260,2021,296322
27350,2021,91521
27450,2021,157421
27630,2021,6510
29399,2021,946
30250,2021,1130
30300,2021,4378
30370,2021,14657
30410,2021,2863
30450,2021,312
30760,2021,1918
30900,2021,470
31000,2021,1262968
31750,2021,342
31820,2021,100095
31900,2021,16836
31950,2021,430
32080,2021,169250
32250,2021,2158
32260,2021,29511
32270,2021,28298
32310,2021,11920
32330,2021,1211
32450,2021,3704
32500,2021,4631
32600,2021,269
32750,2021,270
32770,2021,1434
32810,2021,12441
33100,2021,724
33200,2021,1521
33220,2021,112070
33360,2021,64275
33430,2021,633598
33610,2021,10400
33620,2021,53851
33800,2021,10990
33830,2021,998
33960,2021,233314
33980,2021,22419
34420,2021,1107
34530,2021,39877
34570,2021,653
34580,2021,41750
34590,2021,350673
34710,2021,3691
34770,2021,123148
34800,2021,838
34830,2021,442
34860,2021,12957
34880,2021,23171
35010,2021,484353
35250,2021,1060
35300,2021,19217
35600,2021,4009
35670,2021,906
35740,2021,56874
35760,2021,10142
35780,2021,2885
35790,2021,2180
35800,2021,1707
36070,2021,632
36150,2021,702
36250,2021,161709
36300,2021,769
36370,2021,82882
36510,2021,43592
36580,2021,25388
36630,2021,33323
36660,2021,36637
36720,2021,346634
36820,2021,26488
36910,2021,175255
36950,2021,3532
36960,2021,4294
37010,2021,195457
37300,2021,4177
37310,2021,34351
37340,2021,37642
37400,2021,1133
37550,2021,1040
37570,2021,284
37600,2021,2597
40070,2021,25522
40120,2021,41237
40150,2021,9975
40220,2021,29257
40250,2021,2554
40310,2021,25565
40430,2021,2675
40520,2021,10741
40700,2021,46425
40910,2021,55456
41010,2021,3651
41060,2021,123105
41140,2021,9363
41190,2021,1775
41330,2021,1622
41560,2021,15338
41750,2021,1038
41830,2021,1686
41960,2021,1322
42030,2021,25300
42110,2021,4138
42250,2021,8862
42600,2021,37857
42750,2021,4999
43080,2021,1024
43220,2021,1053
43360,2021,2375
43650,2021,16083
43710,2021,6058
43790,2021,11921
44000,2021,102
44060,2021,95610
44210,2021,9355
44340,2021,68162
44550,2021,39632
44620,2021,27637
44830,2021,2920
45040,2021,22339
45090,2021,8892
45120,2021,4659
45290,2021,37823
45340,2021,176595
45400,2021,891
45540,2021,1668
45680,2021,100556
45890,2021,134131
46090,2021,14448
46300,2021,14879
46450,2021,17747
46510,2021,22487
46670,2021,10007
46860,2021,1568
46970,2021,4109
47140,2021,147521
47290,2021,2026
47490,2021,2241
47630,2021,7070
47700,2021,102044
47800,2021,5599
47910,2021,2875
47980,2021,39061
48050,2021,16429
48130,2021,6925
48260,2021,8086
48340,2021,12127
48410,2021,62425
48540,2021,21954
48640,2021,1163
48750,2021,5931
48830,2021,11830
49399,2021,3100
50080,2021,40105
50210,2021,97644
50250,2021,7781
50280,2021,17303
50350,2021,16500
50420,2021,71774
50490,2021,43868
50560,2021,1735
50630,2021,1760
50770,2021,1874
50840,2021,5376
50910,2021,961
50980,2021,18204
51080,2021,1089
51120,2021,1016
51190,2021,34137
51260,2021,42009
51310,2021,29822
51330,2021,99306
51400,2021,18776
51470,2021,573
51540,2021,5520
51610,2021,1613
51680,2021,6099
51710,2021,1717
51750,2021,11643
51820,2021,122212
51860,2021,603
51890,2021,9086
51960,2021,3638
52030,2021,1091
52100,2021,1028
52170,2021,8245
52240,2021,1134
52310,2021,927
52380,2021,228
52450,2021,1341
52520,2021,1436
52590,2021,3473
52660,2021,15197
52730,2021,6468
52800,2021,8414
52870,2021,6312
52940,2021,733
53010,2021,698
53080,2021,699
53150,2021,8064
53220,2021,10378
53290,2021,14396
53360,2021,3202
53430,2021,33112
53570,2021,5751
53640,2021,1260
53710,2021,983
53780,2021,131366
53800,2021,41182
53920,2021,4038
53990,2021,29625
54060,2021,3769
54130,2021,1196
54170,2021,165050
54200,2021,60804
54280,2021,30670
54310,2021,23412
54340,2021,4227
54410,2021,1177
54480,2021,506
54550,2021,1963
54620,2021,872
54690,2021,373
54760,2021,789
54830,2021,47660
54900,2021,1299
54970,2021,1432
55040,2021,1716
55110,2021,93412
55180,2021,9351
55250,2021,1287
55320,2021,106823
55390,2021,569
55460,2021,3221
55530,2021,423
55600,2021,2382
55670,2021,669
55740,2021,9478
55810,2021,699
55880,2021,467
55950,2021,593
56090,2021,40539
56160,2021,108
56230,2021,18639
56300,2021,1575
56370,2021,820
56460,2021,4937
56580,2021,22924
56620,2021,1476
56730,2021,11804
56790,2021,3332
56860,2021,263
56930,2021,1638
57000,2021,652
57080,2021,29653
57140,2021,1072
57210,2021,5534
57280,2021,16666
57350,2021,981
57420,2021,2157
57490,2021,140584
57630,2021,117
57700,2021,33349
57770,2021,1069
57840,2021,44952
57910,2021,234322
57980,2021,17902
58050,2021,158689
58190,2021,401
58260,2021,586
58330,2021,4709
58400,2021,307
58470,2021,180
58510,2021,38296
58540,2021,832
58570,2021,37833
58610,2021,1802
58680,2021,551
58760,2021,216422
58820,2021,4355
58890,2021,795
59030,2021,255
59100,2021,712
59170,2021,1050
59250,2021,570
59310,2021,1336
59320,2021,469
59330,2021,484
59340,2021,8050
59350,2021,364
59360,2021,1205
59370,2021,3553
60210,2021,6933
60410,2021,19261
60610,2021,20408
60810,2021,23258
61010,2021,2579
61210,2021,8325
61410,2021,62336
61510,2021,11106
61610,2021,26896
61810,2021,6983
62010,2021,938
62210,2021,7206
62410,2021,5113
62610,2021,51159
62810,2021,55947
63010,2021,18797
63210,2021,6775
63410,2021,1652
63610,2021,40769
63810,2021,12697
64010,2021,71788
64210,2021,21139
64610,2021,14022
64810,2021,16963
65010,2021,6834
65210,2021,2643
65410,2021,14629
65610,2021,4366
65810,2021,25717
70200,2021,28483
70420,2021,7189
70540,2021,165
70620,2021,4118
70700,2021,1400
71000,2021,84854
71150,2021,312
71300,2021,10089
72200,2021,10679
72300,2021,22879
72330,2021,6574
72800,2021,39530
73600,2021,7435
74050,2021,2735
74550,2021,3221
74560,2021,464
74660,2021,7182
74680,2021,3422
79399,2021,7420
89399,2021,452508
99399,2021,2530
10050,2022,56665
10180,2022,29361
10250,2022,46849
10300,2022,2210
10470,2022,44110
10500,2022,177992
10550,2022,35985
10600,2022,13261
10650,2022,8652
10750,2022,410944
10800,2022,5493
10850,2022,7590
10900,2022,77913
10950,2022,2454
11150,2022,2348
11200,2022,1431
11250,2022,17567
11300,2022,40850
11350,2022,36514
11400,2022,13843
11450,2022,127808
11500,2022,180377
11520,2022,89236
11570,2022,372119
11600,2022,2829
11650,2022,349158
11700,2022,1749
11720,2022,65875
11730,2022,54659
11750,2022,4046
11800,2022,79725
12000,2022,4465
12150,2022,3825
12160,2022,11403
12350,2022,12703
12380,2022,237481
12390,2022,55893
12700,2022,9721
12730,2022,8456
12750,2022,40752
12850,2022,206830
12870,2022,12852
12900,2022,9338
12930,2022,153267
12950,2022,4298
13010,2022,8944
13310,2022,32428
13340,2022,11266
13450,2022,27015
13550,2022,13143
13660,2022,4923
13800,2022,67862
13850,2022,2834
13910,2022,19238
14000,2022,151771
14100,2022,13924
14170,2022,183153
14220,2022,17965
14300,2022,6465
14350,2022,31178
14400,2022,22964
14500,2022,124205
14550,2022,9452
14600,2022,6138
14650,2022,216594
14700,2022,40088
14750,2022,11454
14850,2022,44274
14870,2022,20811
14900,2022,239774
14920,2022,7659
14950,2022,3370
15050,2022,93614
15240,2022,97227
15270,2022,25795
15300,2022,12868
15350,2022,28132
15520,2022,13014
15560,2022,3566
15650,2022,16540
15700,2022,20607
15750,2022,12720
15800,2022,5720
15850,2022,6429
15900,2022,171535
15950,2022,69373
15990,2022,263340
16100,2022,5596
16150,2022,43964
16200,2022,14346
16260,2022,260472
16350,2022,220915
16380,2022,88305
16400,2022,76669
16490,2022,64236
16550,2022,135750
16610,2022,23700
16700,2022,131168
16900,2022,78330
16950,2022,109604
17000,2022,25093
17040,2022,21823
17080,2022,14936
17100,2022,46250
17150,2022,231845
17200,2022,218275
17310,2022,64520
17350,2022,5995
17400,2022,6878
17420,2022,199269
17550,2022,97966
17620,2022,14291
17640,2022,8550
17650,2022,5984
17750,2022,68338
17850,2022,3010
17900,2022,5515
17950,2022,2578
18020,2022,9245
18050,2022,69357
18100,2022,3614
18200,2022,7596
18250,2022,75508
18350,2022,52795
18400,2022,55801
18450,2022,216444
18500,2022,53525
18710,2022,17379
19399,2022,1000
20110,2022,13191
20260,2022,11758
20570,2022,116011
20660,2022,127427
20740,2022,41813
20830,2022,59277
20910,2022,102241
21010,2022,14463
21110,2022,169632
21180,2022,193392
21270,2022,6120
21370,2022,38556
21450,2022,123181
21610,2022,379104
21670,2022,13520
21750,2022,22198
21830,2022,15999
21890,2022,150605
22110,2022,48939
22170,2022,141161
22250,2022,10534
22310,2022,151824
22410,2022,20049
22490,2022,25321
22620,2022,122704
22670,2022,159294
22750,2022,276601
22830,2022,68964
22910,2022,16573
22980,2022,5601
23110,2022,91864
23190,2022,20348
23270,2022,253182
23350,2022,17425
23430,2022,160107
23670,2022,159549
23810,2022,77705
23940,2022,7750
24130,2022,52202
24210,2022,126570
24250,2022,10338
24330,2022,87605
24410,2022,115759
24600,2022,160328
24650,2022,193285
24700,2022,174886
24780,2022,57250
24850,2022,51682
24900,2022,30584
24970,2022,195081
25060,2022,123119
25150,2022,38526
25340,2022,169733
25430,2022,20324
25490,2022,17478
25620,2022,15353
25710,2022,63066
25810,2022,11879
25900,2022,104096
25990,2022,7653
26080,2022,3221
26170,2022,30708
26260,2022,16401
26350,2022,106524
26430,2022,11515
26490,2022,38672
26610,2022,21239
26670,2022,6198
26700,2022,29915
26730,2022,35576
26810,2022,45818
26890,2022,3943
26980,2022,172607
27070,2022,237143
27170,2022,43716
27260,2022,309398
27350,2022,92392
27450,2022,157467
27630,2022,6437
29399,2022,961
30250,2022,1124
30300,2022,4352
30370,2022,14778
30410,2022,2864
30450,2022,315
30760,2022,1934
30900,2022,474
31000,2022,1283432
31750,2022,343
31820,2022,102070
31900,2022,16868
31950,2022,432
32080,2022,171985
32250,2022,2170
32260,2022,29605
32270,2022,28530
32310,2022,11979
32330,2022,1228
32450,2022,3788
32500,2022,4673
32600,2022,268
32750,2022,270
32770,2022,1442
32810,2022,12662
33100,2022,720
33200,2022,1534
33220,2022,115069
33360,2022,65302
33430,2022,647178
33610,2022,10408
33620,2022,55108
33800,2022,11087
33830,2022,1004
33960,2022,242640
33980,2022,22744
34420,2022,1136
34530,2022,40901
34570,2022,656
34580,2022,42628
34590,2022,363059
34710,2022,3721
34770,2022,124950
34800,2022,846
34830,2022,454
34860,2022,13099
34880,2022,23367
35010,2022,496772
35250,2022,1065
35300,2022,19046
35600,2022,3960
35670,2022,906
35740,2022,57336
35760,2022,10216
35780,2022,2889
35790,2022,2193
35800,2022,1712
36070,2022,637
36150,2022,703
36250,2022,163729
36300,2022,777
36370,2022,83596
36510,2022,44331
36580,2022,25711
36630,2022,33783
36660,2022,36991
36720,2022,355904
36820,2022,26806
36910,2022,178387
36950,2022,3517
36960,2022,4285
37010,2022,198134
37300,2022,4214
37310,2022,34537
37340,2022,38509
37400,2022,1134
37550,2022,1059
37570,2022,286
37600,2022,2619
40070,2022,26183
40120,2022,41408
40150,2022,10454
40220,2022,29746
40250,2022,2598
40310,2022,25866
40430,2022,2672
40520,2022,10710
40700,2022,46710
40910,2022,56028
41010,2022,3650
41060,2022,124865
41140,2022,9381
41190,2022,1764
41330,2022,1573
41560,2022,15643
41750,2022,1032
41830,2022,1682
41960,2022,1327
42030,2022,26114
42110,2022,4143
42250,2022,8926
42600,2022,38056
42750,2022,5088
43080,2022,1027
43220,2022,1059
43360,2022,2376
43650,2022,16319
43710,2022,6097
43790,2022,11923
44000,2022,102
44060,2022,96667
44210,2022,9415
44340,2022,68370
44550,2022,41083
44620,2022,27744
44830,2022,2911
45040,2022,22538
45090,2022,8918
45120,2022,4662
45290,2022,38019
45340,2022,178526
45400,2022,890
45540,2022,1672
45680,2022,103401
45890,2022,135822
46090,2022,14449
46300,2022,14953
46450,2022,17616
46510,2022,22750
46670,2022,10036
46860,2022,1588
46970,2022,4103
47140,2022,147940
47290,2022,2010
47490,2022,2257
47630,2022,7037
47700,2022,102610
47800,2022,5574
47910,2022,2892
47980,2022,39092
48050,2022,16721
48130,2022,6969
48260,2022,8185
48340,2022,12178
48410,2022,63115
48540,2022,21887
48640,2022,1162
48750,2022,5991
48830,2022,11916
49399,2022,3024
50080,2022,40434
50210,2022,100849
50250,2022,7843
50280,2022,17917
50350,2022,16612
50420,2022,72242
50490,2022,44364
50560,2022,1738
50630,2022,1758
50770,2022,1938
50840,2022,5527
50910,2022,954
50980,2022,18368
51080,2022,1087
51120,2022,1020
51190,2022,34417
51260,2022,42931
51310,2022,30160
51330,2022,99764
51400,2022,19012
51470,2022,572
51540,2022,5522
51610,2022,1636
51680,2022,6298
51710,2022,1786
51750,2022,11735
51820,2022,125232
51860,2022,616
51890,2022,9153
51960,2022,3638
52030,2022,1092
52100,2022,1023
52170,2022,8322
52240,2022,1141
52310,2022,929
52380,2022,230
52450,2022,1345
52520,2022,1429
52590,2022,3577
52660,2022,15376
52730,2022,6539
52800,2022,8410
52870,2022,6401
52940,2022,733
53010,2022,693
53080,2022,695
53150,2022,8071
53220,2022,10311
53290,2022,14501
53360,2022,3315
53430,2022,33788
53570,2022,5896
53640,2022,1264
53710,2022,984
53780,2022,133064
53800,2022,41515
53920,2022,4113
53990,2022,30165
54060,2022,3795
54130,2022,1196
54170,2022,165649
54200,2022,61294
54280,2022,30756
54310,2022,23809
54340,2022,4237
54410,2022,1180
54480,2022,510
54550,2022,1976
54620,2022,866
54690,2022,374
54760,2022,783
54830,2022,49542
54900,2022,1290
54970,2022,1434
55040,2022,1723
55110,2022,95622
55180,2022,9412
55250,2022,1295
55320,2022,107433
55390,2022,571
55460,2022,3235
55530,2022,423
55600,2022,2378
55670,2022,669
55740,2022,9621
55810,2022,701
55880,2022,463
55950,2022,587
56090,2022,40517
56160,2022,108
56230,2022,19116
56300,2022,1593
56370,2022,822
56460,2022,4959
56580,2022,23018
56620,2022,1478
56730,2022,11938
56790,2022,3343
56860,2022,261
56930,2022,1638
57000,2022,652
57080,2022,30580
57140,2022,1068
57210,2022,5587
57280,2022,17031
57350,2022,983
57420,2022,2202
57490,2022,143754
57630,2022,119
57700,2022,34795
57770,2022,1082
57840,2022,45201
57910,2022,236262
57980,2022,18008
58050,2022,163948
58190,2022,403
58260,2022,587
58330,2022,4814
58400,2022,304
58470,2022,188
58510,2022,38756
58540,2022,824
58570,2022,38504
58610,2022,1809
58680,2022,548
58760,2022,221257
58820,2022,4401
58890,2022,797
59030,2022,252
59100,2022,706
59170,2022,1053
59250,2022,572
59310,2022,1340
59320,2022,470
59330,2022,485
59340,2022,8064
59350,2022,365
59360,2022,1198
59370,2022,3567
60210,2022,7010
60410,2022,19688
60610,2022,20470
60810,2022,23342
61010,2022,2586
61210,2022,8368
61410,2022,63084
61510,2022,11235
61610,2022,26935
61810,2022,7022
62010,2022,931
62210,2022,7267
62410,2022,5188
62610,2022,51012
62810,2022,56018
63010,2022,19215
63210,2022,6805
63410,2022,1675
63610,2022,40937
63810,2022,12921
64010,2022,71889
64210,2022,21354
64610,2022,14137
64810,2022,17429
65010,2022,6887
65210,2022,2676
65410,2022,14688
65610,2022,4351
65810,2022,25931
70200,2022,28859
70420,2022,7212
70540,2022,165
70620,2022,4105
70700,2022,1396
71000,2022,84877
71150,2022,289
71300,2022,10108
72200,2022,10834
72300,2022,23083
72330,2022,6627
72800,2022,40467
73600,2022,7475
74050,2022,2743
74550,2022,3262
74560,2022,463
74660,2022,7258
74680,2022,3434
79399,2022,7571
89399,2022,456915
99399,2022,2518
10050,2023,57517
10180,2023,29594
10250,2023,47279
10300,2023,2202
10470,2023,44612
10500,2023,182987
10550,2023,36279
10600,2023,13231
10650,2023,8643
10750,2023,426202
10800,2023,5464
10850,2023,7644
10900,2023,78446
10950,2023,2420
11150,2023,2365
11200,2023,1411
11250,2023,17624
11300,2023,42498
11350,2023,37126
11400,2023,13880
11450,2023,134811
11500,2023,184784
11520,2023,91385
11570,2023,379829
11600,2023,2765
11650,2023,351934
11700,2023,1757
11720,2023,67591
11730,2023,55323
11750,2023,4078
11800,2023,80489
12000,2023,4549
12150,2023,3861
12160,2023,11424
12350,2023,12659
12380,2023,245323
12390,2023,56558
12700,2023,9767
12730,2023,8430
12750,2023,40912
12850,2023,209742
12870,2023,12939
12900,2023,9300
12930,2023,158051
12950,2023,4309
13010,2023,8989
13310,2023,32710
13340,2023,11445
13450,2023,27132
13550,2023,13280
13660,2023,4940
13800,2023,68156
13850,2023,2830
13910,2023,19255
14000,2023,154072
14100,2023,14036
14170,2023,188325
14220,2023,18059
14300,2023,6520
14350,2023,31453
14400,2023,23002
14500,2023,126983
14550,2023,9468
14600,2023,6147
14650,2023,219249
14700,2023,41549
14750,2023,11431
14850,2023,43907
14870,2023,20724
14900,2023,247672
14920,2023,7667
14950,2023,3396
15050,2023,95957
15240,2023,97909
15270,2023,25921
15300,2023,12873
15350,2023,29071
15520,2023,13326
15560,2023,3607
15650,2023,16778
15700,2023,20774
15750,2023,12754
15800,2023,5692
15850,2023,6443
15900,2023,174294
15950,2023,72014
15990,2023,267921
16100,2023,5600
16150,2023,44244
16200,2023,14256
16260,2023,269145
16350,2023,224483
16380,2023,89596
16400,2023,77748
16490,2023,65369
16550,2023,141840
16610,2023,23705
16700,2023,135716
16900,2023,79738
16950,2023,109895
17000,2023,25332
17040,2023,22132
17080,2023,14935
17100,2023,47824
17150,2023,235029
17200,2023,231086
17310,2023,65246
17350,2023,6029
17400,2023,6973
17420,2023,207959
17550,2023,98967
17620,2023,14338
17640,2023,8706
17650,2023,6047
17750,2023,68716
17850,2023,2968
17900,2023,5519
17950,2023,2583
18020,2023,9228
18050,2023,71414
18100,2023,3616
18200,2023,7688
18250,2023,77874
18350,2023,53109
18400,2023,57616
18450,2023,219141
18500,2023,54660
18710,2023,17477
19399,2023,1013
20110,2023,13182
20260,2023,11683
20570,2023,118137
20660,2023,129602
20740,2023,42729
20830,2023,60644
20910,2023,104272
21010,2023,14529
21110,2023,174537
21180,2023,196046
21270,2023,6040
21370,2023,38299
21450,2023,126960
21610,2023,392110
21670,2023,13574
21750,2023,22273
21830,2023,15948
21890,2023,155683
22110,2023,49179
22170,2023,142826
22250,2023,10420
22310,2023,156837
22410,2023,20022
22490,2023,25818
22620,2023,124174
22670,2023,163792
22750,2023,282809
22830,2023,69135
22910,2023,16670
22980,2023,5559
23110,2023,93738
23190,2023,20315
23270,2023,262764
23350,2023,17662
23430,2023,163724
23670,2023,161766
23810,2023,78154
23940,2023,7747
24130,2023,52920
24210,2023,129514
24250,2023,10546
24330,2023,91762
24410,2023,117434
24600,2023,177396
24650,2023,206070
24700,2023,181223
24780,2023,57554
24850,2023,53723
24900,2023,30775
24970,2023,203560
25060,2023,126486
25150,2023,39092
25340,2023,170243
25430,2023,20576
25490,2023,17610
25620,2023,15482
25710,2023,63264
25810,2023,11879
25900,2023,109515
25990,2023,7786
26080,2023,3238
26170,2023,30823
26260,2023,16470
26350,2023,111335
26430,2023,11578
26490,2023,39292
26610,2023,21212
26670,2023,6243
26700,2023,30002
26730,2023,35907
26810,2023,46124
26890,2023,3933
26980,2023,178639
27070,2023,245029
27170,2023,44276
27260,2023,324087
27350,2023,97448
27450,2023,158694
27630,2023,6389
29399,2023,953
30250,2023,1154
30300,2023,4345
30370,2023,14919
30410,2023,2894
30450,2023,317
30760,2023,1953
30900,2023,478
31000,2023,1323162
31750,2023,346
31820,2023,104166
31900,2023,17020
31950,2023,438
32080,2023,175398
32250,2023,2212
32260,2023,29972
32270,2023,28973
32310,2023,12013
32330,2023,1264
32450,2023,3851
32500,2023,4761
32600,2023,270
32750,2023,272
32770,2023,1461
32810,2023,12828
33100,2023,726
33200,2023,1544
33220,2023,117940
33360,2023,66835
33430,2023,666087
33610,2023,10452
33620,2023,56166
33800,2023,11118
33830,2023,1026
33960,2023,251148
33980,2023,23024
34420,2023,1147
34530,2023,41906
34570,2023,673
34580,2023,43847
34590,2023,377773
34710,2023,3737
34770,2023,126907
34800,2023,849
34830,2023,465
34860,2023,13255
34880,2023,23702
35010,2023,510104
35250,2023,1079
35300,2023,18945
35600,2023,3966
35670,2023,924
35740,2023,58367
35760,2023,10352
35780,2023,2908
35790,2023,2214
35800,2023,1725
36070,2023,644
36150,2023,709
36250,2023,166809
36300,2023,781
36370,2023,84517
36510,2023,45248
36580,2023,26251
36630,2023,34290
36660,2023,37444
36720,2023,365942
36820,2023,27259
36910,2023,181821
36950,2023,3502
36960,2023,4286
37010,2023,201433
37300,2023,4251
37310,2023,34991
37340,2023,39712
37400,2023,1138
37550,2023,1081
37570,2023,293
37600,2023,2640
40070,2023,27901
40120,2023,41842
40150,2023,10932
40220,2023,30323
40250,2023,2632
40310,2023,26268
40430,2023,2680
40520,2023,10730
40700,2023,47444
40910,2023,57160
41010,2023,3717
41060,2023,127440
41140,2023,9405
41190,2023,1757
41330,2023,1550
41560,2023,15951
41750,2023,1041
41830,2023,1673
41960,2023,1332
42030,2023,26789
42110,2023,4132
42250,2023,9044
42600,2023,38766
42750,2023,5125
43080,2023,1016
43220,2023,1059
43360,2023,2393
43650,2023,16616
43710,2023,6154
43790,2023,11897
44000,2023,102
44060,2023,98493
44210,2023,9496
44340,2023,69542
44550,2023,42297
44620,2023,27846
44830,2023,2897
45040,2023,22901
45090,2023,8928
45120,2023,4667
45290,2023,39312
45340,2023,180865
45400,2023,889
45540,2023,1683
45680,2023,107069
45890,2023,138585
46090,2023,14420
46300,2023,15018
46450,2023,17602
46510,2023,23137
46670,2023,10107
46860,2023,1603
46970,2023,4113
47140,2023,149214
47290,2023,2012
47490,2023,2278
47630,2023,7066
47700,2023,103685
47800,2023,5612
47910,2023,2906
47980,2023,39929
48050,2023,16869
48130,2023,6958
48260,2023,8420
48340,2023,12257
48410,2023,64519
48540,2023,21902
48640,2023,1161
48750,2023,6100
48830,2023,12040
49399,2023,3015
50080,2023,40949
50210,2023,105094
50250,2023,8076
50280,2023,18620
50350,2023,16914
50420,2023,74283
50490,2023,45976
50560,2023,1768
50630,2023,1786
50770,2023,1948
50840,2023,5669
50910,2023,955
50980,2023,18611
51080,2023,1095
51120,2023,1043
51190,2023,34768
51260,2023,43969
51310,2023,31133
51330,2023,103691
51400,2023,19335
51470,2023,579
51540,2023,5528
51610,2023,1663
51680,2023,6516
51710,2023,1823
51750,2023,12178
51820,2023,130282
51860,2023,631
51890,2023,9295
51960,2023,3686
52030,2023,1107
52100,2023,1029
52170,2023,8695
52240,2023,1149
52310,2023,951
52380,2023,231
52450,2023,1322
52520,2023,1446
52590,2023,3748
52660,2023,15685
52730,2023,6618
52800,2023,8433
52870,2023,6438
52940,2023,738
53010,2023,701
53080,2023,701
53150,2023,8222
53220,2023,10401
53290,2023,14547
53360,2023,3466
53430,2023,35157
53570,2023,6064
53640,2023,1269
53710,2023,987
53780,2023,137355
53800,2023,41914
53920,2023,4136
53990,2023,30790
54060,2023,3842
54130,2023,1213
54170,2023,169657
54200,2023,62670
54280,2023,30775
54310,2023,24237
54340,2023,4290
54410,2023,1166
54480,2023,524
54550,2023,1967
54620,2023,858
54690,2023,371
54760,2023,794
54830,2023,52103
54900,2023,1301
54970,2023,1439
55040,2023,1732
55110,2023,99272
55180,2023,9438
55250,2023,1294
55320,2023,110426
55390,2023,575
55460,2023,3268
55530,2023,417
55600,2023,2392
55670,2023,679
55740,2023,10032
55810,2023,701
55880,2023,461
55950,2023,600
56090,2023,41421
56160,2023,106
56230,2023,19823
56300,2023,1632
56370,2023,833
56460,2023,4983
56580,2023,24127
56620,2023,1479
56730,2023,12193
56790,2023,3369
56860,2023,256
56930,2023,1736
57000,2023,649
57080,2023,32856
57140,2023,1084
57210,2023,5669
57280,2023,17247
57350,2023,973
57420,2023,2277
57490,2023,148822
57630,2023,116
57700,2023,36739
57770,2023,1129
57840,2023,46701
57910,2023,243871
57980,2023,18870
58050,2023,171588
58190,2023,404
58260,2023,593
58330,2023,4954
58400,2023,303
58470,2023,201
58510,2023,40782
58540,2023,824
58570,2023,40125
58610,2023,1816
58680,2023,545
58760,2023,229438
58820,2023,4457
58890,2023,787
59030,2023,244
59100,2023,701
59170,2023,1060
59250,2023,568
59310,2023,1336
59320,2023,479
59330,2023,491
59340,2023,8209
59350,2023,357
59360,2023,1198
59370,2023,3602
60210,2023,7075
60410,2023,19998
60610,2023,20463
60810,2023,23331
61010,2023,2595
61210,2023,8352
61410,2023,63663
61510,2023,11341
61610,2023,26977
61810,2023,7001
62010,2023,933
62210,2023,7330
62410,2023,5237
62610,2023,50808
62810,2023,55964
63010,2023,19454
63210,2023,6831
63410,2023,1648
63610,2023,41179
63810,2023,13062
64010,2023,71788
64210,2023,21449
64610,2023,14279
64810,2023,17635
65010,2023,6912
65210,2023,2686
65410,2023,14767
65610,2023,4359
65810,2023,26039
70200,2023,29213
70420,2023,7239
70540,2023,166
70620,2023,4126
70700,2023,1421
71000,2023,85465
71150,2023,282
71300,2023,10011
72200,2023,10829
72300,2023,23415
72330,2023,6706
72800,2023,41113
73600,2023,7491
74050,2023,2747
74550,2023,3295
74560,2023,464
74660,2023,7407
74680,2023,3426
79399,2023,7713
89399,2023,466566
99399,2023,2516
